YEAR,MO,DY,PRECTOT,RH2M,T2M,T2MWET,T2MDEW,WD50M,WS50M,ALLSKY_SFC_LW_DWN
2015,1,1,2.13,74.44,22.94,18.14,18.14,144.66,4.24,8.91
2015,1,2,0.1,69.6,23.46,17.55,17.55,157.49,4.4,8.59
2015,1,3,0,64.68,23.34,16.21,16.21,154,4.29,8.37
2015,1,4,0,63,23.54,15.96,15.96,118.41,3.84,8.22
2015,1,5,0,62.91,22.89,15.33,15.33,84.1,4.45,8.17
2015,1,6,0,59.75,22.25,13.89,13.89,77.12,4.22,8.58
2015,1,7,0,56.95,22.17,13.03,13.03,59.95,3.33,8.03
2015,1,8,0,58.5,22.38,13.69,13.69,113.06,3.07,8.12
2015,1,9,0,61.89,21.83,14.09,14.09,83.22,4.4,8.35
2015,1,10,0,40.32,20.21,5.08,5.01,54.13,4.78,7.47
2015,1,11,0,45.44,18.83,6.43,6.41,63.07,5.85,6.83
2015,1,12,0,49.34,19.03,7.74,7.72,71.51,5.14,6.9
2015,1,13,0,43.18,19.33,5.39,5.32,74.75,4.94,6.86
2015,1,14,0,44.62,19.39,5.97,5.9,86.45,4.48,7.02
2015,1,15,0,49.63,20.25,8.69,8.67,88.13,4.05,7.31
2015,1,16,0,55.86,21.81,12.33,12.33,97.39,4.15,7.64
2015,1,17,0,52.48,22.28,11.87,11.87,93.09,4.46,8.55
2015,1,18,0,53.18,21.88,11.82,11.81,89.31,4.15,8.18
2015,1,19,0,53.72,21.59,11.66,11.66,91.87,4.37,7.88
2015,1,20,0,55.07,21.83,12.29,12.29,103.39,4.09,7.84
2015,1,21,0,54.89,21.31,11.72,11.72,81.89,4.93,7.79
2015,1,22,0,50.6,20.86,9.82,9.81,99.1,4.51,7.38
2015,1,23,0.03,57.53,22.34,13.19,13.19,102.6,5.19,8.08
2015,1,24,0.03,59.25,22.84,14.32,14.32,94.86,5.05,8.74
2015,1,25,0,44.81,22.21,9.09,9.08,79.83,5.55,7.76
2015,1,26,0,51.96,20.71,10.17,10.16,89.97,5.75,7.67
2015,1,27,0,56.35,21.94,12.66,12.66,98.73,5.98,8.06
2015,1,28,0,52.36,22.82,12.15,12.14,96.57,4.58,8.91
2015,1,29,0,52.96,23.83,13.5,13.49,95.99,3.86,9.09
2015,1,30,0,52,23.5,12.88,12.88,86.13,5.18,8.73
2015,1,31,0,48.43,22.92,11.1,11.09,81.05,5.57,7.84
2015,2,1,0,48,22.49,10.27,10.26,88.37,5.03,7.77
2015,2,2,0,50.75,22.11,10.9,10.89,91.93,6.29,7.69
2015,2,3,0,49.8,21.48,10.13,10.13,84.45,6.54,7.43
2015,2,4,0,47.04,21.52,9.21,9.19,81.55,6.07,7.79
2015,2,5,0,42.81,21.94,8.11,8.09,85.36,5.77,8.21
2015,2,6,0,41.77,22.48,7.85,7.81,99.07,4.96,8.11
2015,2,7,0,43.8,22.49,8.95,8.94,99.55,4.79,8.03
2015,2,8,0,44.69,22.67,9.47,9.46,89.26,4.04,7.9
2015,2,9,0,45.34,22.4,9.43,9.42,93.37,5.79,7.87
2015,2,10,0,46.53,21.33,8.68,8.65,90.33,5.26,7.57
2015,2,11,0,46.2,23.08,9.92,9.89,90.06,4.23,7.65
2015,2,12,0,40.25,23.96,7.92,7.86,76.41,4.1,7.78
2015,2,13,0,34.89,23.75,5.58,5.51,77.28,3.91,7.93
2015,2,14,0,35.12,23.96,6.77,6.74,72.04,3.86,7.64
2015,2,15,0,37.71,24.16,8.12,8.1,96.81,4.23,7.79
2015,2,16,0,41.01,23.55,8.71,8.69,103.68,4.65,7.8
2015,2,17,0,37.55,23.65,7.11,7.07,86.64,4.59,7.62
2015,2,18,0,34.88,23.62,6.44,6.41,123.36,4.09,7.69
2015,2,19,0,37.41,23.87,7.87,7.85,120.48,4.82,7.99
2015,2,20,0,41.38,23.02,8.69,8.67,102.4,6.24,7.74
2015,2,21,0,40.97,23.14,8.64,8.63,85.67,6.87,7.59
2015,2,22,0,41.52,23.18,9.04,9.03,83.41,6.73,7.69
2015,2,23,0,32.61,22.87,4.91,4.86,92.75,6.78,7.29
2015,2,24,0,25.52,22.76,-0.09,-0.37,92.69,5.72,7.02
2015,2,25,0,32.01,23.6,4.76,4.68,103.17,3.73,8.09
2015,2,26,0,44.06,25.98,12.3,12.3,146.5,3.48,8.41
2015,2,27,0,43.54,27.08,13.2,13.2,144.64,2.91,8.93
2015,2,28,1,61.92,25.28,17.42,17.42,160.16,3.92,9.59
2015,3,1,0.83,57.53,26.1,16.98,16.98,174.31,4.7,9.69
2015,3,2,1.6,52.24,27,16.3,16.3,174.88,2.99,9.53
2015,3,3,8.68,66.44,24.62,17.94,17.94,75.51,2.51,9.72
2015,3,4,3.7,64.53,24.74,17.53,17.53,147.78,3.21,9.5
2015,3,5,0.01,51.29,25.93,14.99,14.99,125.72,4.53,9.13
2015,3,6,1.59,58.13,25.82,16.89,16.89,105.21,4.27,9.45
2015,3,7,1.41,60.82,25.32,17.16,17.16,107.41,3.69,9.17
2015,3,8,0.09,53.83,25.55,15.44,15.43,119.64,4.94,9
2015,3,9,0.02,51.29,25.43,14.49,14.49,110.02,5.18,8.93
2015,3,10,0,43.59,24.87,10.92,10.91,84.11,6.27,8.28
2015,3,11,0,43.73,23.96,10.48,10.47,84.63,6.49,7.86
2015,3,12,0,49.91,25.12,13.81,13.81,96.03,6.44,8.49
2015,3,13,0,46.64,25.4,12.76,12.76,108.99,6.39,8.37
2015,3,14,0,44.41,25.38,11.75,11.74,123.87,6.12,8.64
2015,3,15,0.07,49.49,26.43,14.77,14.77,136.32,5.73,9.24
2015,3,16,1.04,44.55,25.37,11.89,11.89,125.44,4.65,9.02
2015,3,17,0,35.27,25.69,8.27,8.25,112.73,4.59,8.36
2015,3,18,0,27.84,26.33,5.35,5.3,127.19,4.24,8.1
2015,3,19,0,29.22,26.7,6.54,6.51,122.21,5.48,8.15
2015,3,20,0,35.13,26.03,8.4,8.38,108.39,5.8,8
2015,3,21,0,33.13,26.07,7.63,7.61,108.05,6.05,7.93
2015,3,22,0,30.63,27.16,7.85,7.84,110.43,5.22,8.19
2015,3,23,0,33.34,28.19,10.38,10.38,110.62,4.14,8.91
2015,3,24,0,34.58,28.53,11.13,11.13,116.97,5.34,8.97
2015,3,25,0,40.42,27.51,12.47,12.46,126.12,5.58,8.73
2015,3,26,0,41.4,27.02,12.31,12.3,109.7,6.05,8.59
2015,3,27,0,36.61,26.41,9.72,9.7,96.24,5.92,8.34
2015,3,28,0,34.48,26.2,7.85,7.82,100.41,4.79,8.03
2015,3,29,0,41.49,27.52,12.62,12.62,119.37,4.75,8.6
2015,3,30,0,41.61,27.59,12.79,12.78,127.11,5.07,8.74
2015,3,31,0.2,48.97,27.65,15.8,15.8,140.65,3.73,9.8
2015,4,1,0.77,46.31,28.37,15.55,15.55,135.54,4.04,9.91
2015,4,2,0.03,42,29.68,15.11,15.1,172.77,3.14,9.53
2015,4,3,1.72,41.61,30.14,15.45,15.45,300.06,3.51,9.96
2015,4,4,0.01,40.53,30.26,15.11,15.11,129.09,3.31,9.71
2015,4,5,0,41.85,30.29,15.74,15.74,151.09,3.73,9.58
2015,4,6,0,41.89,30.23,15.72,15.73,164.78,4.72,9.57
2015,4,7,0,44.21,29.38,15.81,15.81,144.09,4.69,9.67
2015,4,8,0,44.66,28.97,15.49,15.48,143.35,5.18,9.55
2015,4,9,0.02,40.27,29.23,13.86,13.85,146.57,4.8,9.69
2015,4,10,1.28,47.45,29,16.5,16.5,157.08,3.9,9.8
2015,4,11,2.98,57.05,26.64,17.39,17.39,190.66,2.69,9.7
2015,4,12,7.35,60,26.15,17.7,17.7,141.63,3.23,10
2015,4,13,12.35,76.97,22.75,18.5,18.5,142.92,4.54,9.69
2015,4,14,5.17,68.55,24.15,17.97,17.97,138.67,2.94,9.66
2015,4,15,9.2,78.37,22.88,18.93,18.93,101.14,4.81,9.63
2015,4,16,4.06,68.22,24.68,18.37,18.37,101.66,3.68,9.53
2015,4,17,7.15,63.7,25.66,18.17,18.17,43.23,2.72,9.53
2015,4,18,1,58.42,26.56,17.66,17.66,108.05,3.67,9.8
2015,4,19,0.01,54.46,27.41,17.28,17.28,108.43,4.72,9.35
2015,4,20,0,53.24,27.34,16.84,16.84,117.31,4.76,9.84
2015,4,21,0.25,56.3,27.2,17.63,17.63,136.04,5.13,9.67
2015,4,22,0.06,57.04,27.27,17.95,17.95,180.51,4.7,9.71
2015,4,23,7.03,64.31,26.29,18.98,18.98,259.4,3.63,9.92
2015,4,24,19.75,67.77,25.75,19.31,19.31,307.7,2.3,9.77
2015,4,25,15.02,74.16,24.77,19.81,19.81,186.22,3.76,9.77
2015,4,26,2.59,67,25.4,18.8,18.8,123.91,3.09,9.58
2015,4,27,0.42,60.79,26.11,17.85,17.85,128,4.46,9.37
2015,4,28,0,55.92,27.01,17.34,17.34,133.97,3.82,9.34
2015,4,29,0.8,55.14,27.84,17.9,17.9,154.49,3.52,9.56
2015,4,30,3.32,59.23,27.78,19.01,19.01,210.64,3.48,9.86
2015,5,1,1.5,55.89,28,18.24,18.24,216.23,4.58,9.69
2015,5,2,3.48,64.21,26.86,19.48,19.48,221.62,3.8,9.77
2015,5,3,1.3,62.68,27.05,19.25,19.25,239.4,2.96,9.77
2015,5,4,0.11,58.99,27.2,18.43,18.42,124.02,3.67,9.84
2015,5,5,0,59.83,26.73,18.15,18.15,140.89,3.04,9.83
2015,5,6,1.2,64.37,26.27,18.96,18.96,143.51,3.6,9.96
2015,5,7,2.52,67.79,26.35,19.87,19.87,148.82,2.94,10.11
2015,5,8,0.44,61.87,27.05,19.05,19.05,283.47,2.85,9.69
2015,5,9,0.56,62.81,26.72,18.94,18.94,254.1,2.53,9.74
2015,5,10,0.76,63.09,26.67,18.99,18.99,209.2,3.18,9.95
2015,5,11,1.12,54.68,26.42,16.37,16.37,159.76,3.33,9.98
2015,5,12,0.69,52.44,26.54,15.72,15.72,112.82,4.1,10.04
2015,5,13,8.44,65.56,25.29,18.27,18.27,98.69,4.26,10.04
2015,5,14,1.02,60.52,25.7,17.43,17.43,37.65,4.79,10.04
2015,5,15,5.79,76.34,24.55,20.09,20.09,109.23,4.01,10.23
2015,5,16,17.58,79.9,24.64,20.93,20.92,124.28,4.09,10.06
2015,5,17,10.85,71.94,25.52,20.05,20.06,212.56,3.16,10.03
2015,5,18,0.76,73.14,25.69,20.52,20.52,262.53,4.42,10.01
2015,5,19,10.88,65.08,27.33,20.11,20.11,272.29,4.11,10.06
2015,5,20,1.98,64.9,27.41,20.17,20.17,265.92,5.31,9.87
2015,5,21,0,62.5,27.14,19.3,19.3,264.68,7.61,9.74
2015,5,22,0,76.85,24.57,20.26,20.26,262.81,7.23,9.9
2015,5,23,0,71.25,24.85,19.29,19.29,276.15,7.93,9.95
2015,5,24,1.23,64.47,26.38,19.1,19.1,287.63,7.06,9.66
2015,5,25,0.12,69.58,25.93,19.91,19.91,274.45,7.06,9.54
2015,5,26,0.33,58.24,27.48,18.37,18.37,277.83,6.13,9.51
2015,5,27,12.29,74.64,25.66,20.8,20.8,252.56,5.83,9.86
2015,5,28,3.87,74.28,23.28,18.33,18.33,255.02,5.96,10.35
2015,5,29,4.91,69.7,26.05,20.07,20.07,294.96,5.41,10.04
2015,5,30,1.91,66.59,26.69,19.92,19.92,313.35,3.66,9.69
2015,5,31,5.08,66.23,27.02,20.14,20.15,292.62,3.75,9.67
2015,6,1,7.03,69.89,26.2,20.22,20.22,283.97,4.26,10.16
2015,6,2,8.44,78.28,24.74,20.7,20.7,280.67,4.52,10.1
2015,6,3,1.39,73.84,25.25,20.23,20.23,229.48,3.62,10.1
2015,6,4,11.46,75.52,25.35,20.69,20.69,198.15,2.95,9.97
2015,6,5,3.33,76.85,24.94,20.57,20.57,231.27,3.24,9.92
2015,6,6,0.04,72.64,25.41,20.11,20.11,236.01,3.37,9.69
2015,6,7,0.06,65.88,26.25,19.33,19.34,239.39,5.61,9.66
2015,6,8,0.3,67.72,25.27,18.85,18.85,246.51,5.16,9.76
2015,6,9,11.25,75.92,24.82,20.26,20.26,280.98,4.84,9.9
2015,6,10,1.37,72.31,25.23,19.85,19.85,281.43,5.66,9.79
2015,6,11,6.73,69.94,25.88,19.94,19.94,266.95,5.51,9.96
2015,6,12,0.56,77.95,24.11,20.02,20.02,271.31,6.65,10.19
2015,6,13,5.63,72.74,24.8,19.57,19.57,270.02,6.35,10.13
2015,6,14,1.94,72.13,23.85,18.51,18.51,282.42,7.88,9.86
2015,6,15,0.31,67.13,23.65,17.17,17.17,284.07,9.6,9.72
2015,6,16,0.72,68.42,23.45,17.28,17.28,279.33,8.95,9.8
2015,6,17,1.11,70.88,23.65,18.02,18.02,271.31,8.86,10.09
2015,6,18,1.93,72.09,22.89,17.6,17.6,276.18,9.62,10.01
2015,6,19,1.55,75.42,23.72,19.12,19.12,266.04,9.77,10.53
2015,6,20,1.23,68.2,24.67,18.36,18.36,267.29,12.05,10.19
2015,6,21,2.28,70.26,24.46,18.69,18.69,254.34,12.71,9.9
2015,6,22,0.47,72.64,24.65,19.41,19.41,255.8,12.14,9.86
2015,6,23,3.89,77.18,24.61,20.36,20.36,251.92,10.09,9.81
2015,6,24,0.64,76.26,24.55,20.11,20.11,247.98,9.35,9.91
2015,6,25,0.45,72.64,25.28,20.03,20.03,260.01,10.63,9.84
2015,6,26,0.34,70.85,24.88,19.23,19.23,261.53,12.23,10
2015,6,27,0,68.03,25.35,19.01,19.01,264.24,11.48,9.71
2015,6,28,0.89,73.8,24.91,19.92,19.92,274.03,8.36,9.68
2015,6,29,0.7,70.29,25.54,19.72,19.72,265.8,7.12,9.64
2015,6,30,0.04,64.72,25.79,18.56,18.56,271.72,7.36,9.72
2015,7,1,0,64.25,25.79,18.5,18.5,273.53,7.18,9.47
2015,7,2,0.05,64.93,25.9,18.78,18.78,277.96,6.66,9.54
2015,7,3,0.68,67.95,25.87,19.49,19.49,283.03,7.1,9.78
2015,7,4,0.03,65.31,26.49,19.44,19.44,292.38,7.9,9.97
2015,7,5,0,61.67,26.63,18.61,18.61,296.86,8.22,9.43
2015,7,6,0.08,60.77,26.15,17.92,17.92,286.09,9.05,9.26
2015,7,7,0.25,59.94,25.76,17.32,17.32,280.01,9.17,9.36
2015,7,8,0.39,63.66,25.99,18.56,18.56,275.62,8.78,9.85
2015,7,9,1.23,65.72,26.11,19.18,19.18,283.88,8.97,9.95
2015,7,10,4.21,73.97,24.9,19.95,19.95,278.36,8.94,9.91
2015,7,11,0.66,71.35,24.96,19.41,19.41,274.28,8.68,9.73
2015,7,12,0.33,61.73,26.35,18.38,18.37,285.58,7.93,9.66
2015,7,13,0.04,60.43,26.72,18.36,18.36,288.87,6.76,9.61
2015,7,14,0.67,62.87,26.7,18.99,18.99,297.31,6.16,9.8
2015,7,15,2.72,72.91,25.2,19.98,19.98,293.73,7.3,10
2015,7,16,1.63,67.39,25.5,18.99,18.99,280.75,8.54,9.96
2015,7,17,1.16,70.02,24.99,19.14,19.14,264.29,9.31,9.87
2015,7,18,1.34,67.83,25.4,18.99,18.99,275.72,9.77,10.03
2015,7,19,2.03,70.69,24.36,18.68,18.68,273.69,11.39,9.88
2015,7,20,4.46,69.54,24.77,18.82,18.82,279.5,9.53,10.05
2015,7,21,3.5,74.36,24.61,19.75,19.75,271.64,7.71,10.15
2015,7,22,1.34,72.22,24.88,19.53,19.53,265.97,7.35,10.02
2015,7,23,1.42,67.57,25.13,18.69,18.69,261.49,7.98,10
2015,7,24,1.13,64.98,25.03,17.98,17.98,260.68,7.23,9.99
2015,7,25,2.53,69.29,24.16,18.2,18.2,267.79,7.32,9.91
2015,7,26,0.49,70.32,23.65,17.94,17.94,267.24,6.93,9.56
2015,7,27,0.93,63.6,24.74,17.34,17.34,268.49,6.51,9.9
2015,7,28,0.11,56.47,25.82,16.39,16.39,282.73,7.33,9.99
2015,7,29,0.01,58.91,25.98,17.27,17.27,278.25,7.12,9.48
2015,7,30,0,57.65,26.09,17.01,17.01,291.05,7.24,9.96
2015,7,31,0.12,64.78,25.37,18.25,18.25,291.74,6.88,9.73
2015,8,1,1.7,69.92,24.3,18.46,18.46,297.71,6.89,9.96
2015,8,2,0.16,67.77,24.63,18.28,18.28,290.64,7.1,9.89
2015,8,3,4.57,71.03,24.71,19.1,19.1,285,7.08,9.79
2015,8,4,2.96,67.35,25.29,18.79,18.79,278.61,8.47,9.86
2015,8,5,1.38,67.35,24.6,18.1,18.1,271.44,8.83,9.76
2015,8,6,0.22,63.59,25.32,17.87,17.87,279.87,9.29,9.49
2015,8,7,2.11,64.7,25.99,18.81,18.81,282.37,8.31,9.78
2015,8,8,0.84,65.39,25.47,18.49,18.48,286.43,8.17,9.91
2015,8,9,0.35,67.89,25.22,18.87,18.87,272.79,8.34,10.2
2015,8,10,1.91,71.93,25.07,19.64,19.64,276.43,7.25,10.17
2015,8,11,4.33,72.97,24.67,19.47,19.47,271.05,7.39,9.98
2015,8,12,0.39,67.47,24.79,18.3,18.3,277.07,7.8,9.77
2015,8,13,1.13,69.24,24.88,18.84,18.84,275.93,7.57,9.85
2015,8,14,0.05,60.94,26.28,18.09,18.09,286.6,7.62,9.99
2015,8,15,4.94,65.75,26.26,19.31,19.31,294.84,6.24,9.79
2015,8,16,8.01,73.05,25.07,19.89,19.89,313.83,5.12,10.12
2015,8,17,3.7,78.73,24.38,20.45,20.45,304.72,1.97,10.07
2015,8,18,0.26,68.35,26.06,19.76,19.76,152.57,3.96,10.05
2015,8,19,0.3,69.7,25.76,19.78,19.78,159.08,4.91,9.96
2015,8,20,6.49,72.26,25.72,20.32,20.32,226.29,3.36,10.09
2015,8,21,16.01,75.95,24.52,19.99,19.99,273.53,5.03,10.31
2015,8,22,12.72,73.76,24.37,19.34,19.34,291.62,6.01,10.08
2015,8,23,1.06,67.99,24.33,18.03,18.03,282.81,7.1,9.87
2015,8,24,0.02,65.37,24.43,17.51,17.51,291.95,6.76,9.71
2015,8,25,0,67.53,24.68,18.25,18.24,301.78,6.19,9.41
2015,8,26,0.58,65.34,25.55,18.53,18.53,289.19,6.93,9.52
2015,8,27,3.71,72.07,24.85,19.47,19.47,280.64,7.62,10.11
2015,8,28,0.04,65.07,25.45,18.38,18.38,276.75,7.14,9.55
2015,8,29,0.01,61.2,26.33,18.19,18.19,282.93,6.71,9.54
2015,8,30,0.13,63.57,26.26,18.75,18.74,283.45,5.59,9.74
2015,8,31,0.05,63.12,26.26,18.64,18.64,286.46,5.24,9.46
2015,9,1,0.07,63.71,25.76,18.31,18.31,290.42,4.5,9.47
2015,9,2,0.05,58.1,26.69,17.59,17.59,289.86,3.18,9.61
2015,9,3,2.06,69.6,25.52,19.53,19.53,197.64,2.64,10.39
2015,9,4,8.21,69.17,25.54,19.44,19.44,151.44,3.33,10.05
2015,9,5,1.54,66.26,25.68,18.88,18.88,158.82,3.91,9.89
2015,9,6,7.18,74.89,24.53,19.77,19.77,236.51,2.89,9.99
2015,9,7,16.87,82.29,23.02,19.84,19.84,252.74,4.21,9.94
2015,9,8,0.7,68.98,23.97,17.9,17.9,237.86,5.94,9.78
2015,9,9,0.03,70.75,24.24,18.6,18.6,251.78,5.81,9.61
2015,9,10,1.11,69.36,24.33,18.33,18.33,266.47,5.75,9.71
2015,9,11,0.4,70.73,24.26,18.59,18.59,273.36,6.76,9.77
2015,9,12,0.36,62.31,25.29,17.48,17.48,284.03,6.77,9.49
2015,9,13,1.59,62.52,25.3,17.55,17.55,285.62,6.93,9.37
2015,9,14,1.15,67.26,24.89,18.39,18.39,277.01,8.31,9.68
2015,9,15,0,65.28,25.19,18.18,18.18,270.27,8.92,9.8
2015,9,16,0.01,64.21,24.73,17.48,17.48,280.44,9.72,9.95
2015,9,17,0,66.86,24.75,18.15,18.15,284.19,7.89,9.95
2015,9,18,0.24,65.76,26.13,19.2,19.2,281.2,6.49,9.76
2015,9,19,0.34,65.11,26.59,19.46,19.46,279.61,5.13,9.82
2015,9,20,7.39,71.85,25.02,19.57,19.57,270.34,5.65,9.91
2015,9,21,1.06,64.22,25.07,17.73,17.73,278.46,3.94,9.51
2015,9,22,0.77,62.77,26.51,18.77,18.77,314.25,2.38,9.45
2015,9,23,1.77,78.6,24.32,20.36,20.36,79.29,3.13,9.76
2015,9,24,15,79.78,24.27,20.56,20.56,158.51,2.99,9.66
2015,9,25,2.59,69.68,26,20,20,304.79,2.72,9.39
2015,9,26,8.57,77.34,24.79,20.55,20.56,25.17,3.15,9.62
2015,9,27,10.2,73.81,24.88,19.87,19.87,35.02,2.65,9.89
2015,9,28,3.47,71.94,25.03,19.59,19.59,46.44,2.41,9.77
2015,9,29,3.86,83.5,23.39,20.44,20.44,106.86,4.15,9.82
2015,9,30,4.61,77.17,23.96,19.72,19.72,119.37,4.38,10.07
2015,10,1,0.82,77.08,23.75,19.5,19.5,143.99,3.65,10.03
2015,10,2,7.38,76.02,24.51,20,20,232.81,3.27,9.93
2015,10,3,3.89,76.68,24.31,19.94,19.94,302.05,4.91,9.91
2015,10,4,13.27,80.86,24.11,20.61,20.61,314.28,3.67,10.14
2015,10,5,8.92,81.8,23.7,20.41,20.41,239.08,2.9,10.08
2015,10,6,4.57,76.38,23.89,19.46,19.46,259.4,2.57,9.8
2015,10,7,5.62,79.64,23.83,20.09,20.1,237.54,3.21,9.69
2015,10,8,1.45,74.1,23.9,19,19,247.76,5.44,9.63
2015,10,9,2.71,77.55,23.78,19.61,19.61,257.95,4.14,9.62
2015,10,10,17.3,77.97,24.58,20.47,20.47,246.08,4.34,9.71
2015,10,11,9.03,83.22,23.52,20.51,20.51,258.64,2.57,9.84
2015,10,12,4.99,82.02,23.73,20.49,20.49,122.63,3.31,9.76
2015,10,13,0,70.76,23.62,17.94,17.94,106.55,4.29,8.95
2015,10,14,0,62.05,22.87,15.14,15.14,95.23,4.33,8.66
2015,10,15,0,64.62,23.06,16,16,92.11,3.89,8.74
2015,10,16,0,68.68,23.52,17.41,17.41,85.65,4.1,8.95
2015,10,17,0,70.08,23.66,17.84,17.84,88.26,4.44,8.92
2015,10,18,0.01,68.23,24.36,18.09,18.09,90.59,4.53,9.23
2015,10,19,0.02,64.19,24.16,16.85,16.85,82.41,4.64,9.28
2015,10,20,0.21,68.06,24.35,18.06,18.06,85.73,4.55,9.11
2015,10,21,0.16,67.61,23.87,17.5,17.5,83.79,4.58,9.29
2015,10,22,0,60.92,23.29,15.16,15.16,73.25,4.8,8.67
2015,10,23,0,51.95,22.94,12.28,12.28,57.07,4.85,8.27
2015,10,24,0,53.38,22.76,12.49,12.49,69.32,6.04,8.31
2015,10,25,0,65.57,22.11,15.31,15.31,73.82,6.47,8.42
2015,10,26,0.01,67.82,22.48,16.23,16.23,69.81,6.22,9.05
2015,10,27,0.03,61.86,23.45,15.53,15.53,52.25,4.95,9.49
2015,10,28,6.78,76.12,23.18,18.7,18.7,97.31,4.18,9.74
2015,10,29,0.11,65.53,23.95,16.99,16.99,85.74,3.94,9.29
2015,10,30,0.04,66.48,24.26,17.54,17.54,58.03,4.51,9.53
2015,10,31,0.14,72.17,24.7,19.33,19.33,93.85,4.31,9.91
2015,11,1,6.48,75.03,24.17,19.44,19.44,140.98,4.63,10.11
2015,11,2,31.94,85.61,22.56,20.03,20.03,152.56,3.78,9.89
2015,11,3,8.17,85.17,23.06,20.44,20.44,154.96,2.61,9.95
2015,11,4,8.31,83.09,23.19,20.17,20.17,110.51,3.23,9.86
2015,11,5,3.04,80.67,23.03,19.53,19.53,58.83,4.85,9.58
2015,11,6,0.07,77.37,22.92,18.75,18.75,55.39,5.18,9.05
2015,11,7,0.09,76.58,22.6,18.25,18.25,60.96,5.54,9.4
2015,11,8,3,84.79,22.26,19.58,19.58,53.81,6.48,9.75
2015,11,9,37.15,89.36,21.17,19.35,19.35,1.82,8.07,10.29
2015,11,10,24.63,91.88,20.05,18.67,18.66,341.08,6.88,9.76
2015,11,11,6.26,90.65,21.31,19.72,19.72,99.2,5.63,9.72
2015,11,12,4.88,86.61,22.58,20.23,20.23,88.03,4.44,9.52
2015,11,13,2.89,82.17,20.9,17.69,17.7,41.9,5.72,9.52
2015,11,14,0.36,82,19.52,16.26,16.27,37.43,5.69,9.55
2015,11,15,7.6,88.09,20.03,18.01,18.01,23.67,6.31,9.44
2015,11,16,14.25,93,20.47,19.3,19.3,15.44,6.32,9.64
2015,11,17,5.15,87.77,21.18,19.04,19.04,340.07,5.54,9.86
2015,11,18,7.37,90.35,22.27,20.61,20.61,76.83,4.25,10.09
2015,11,19,4.15,89.76,22.2,20.46,20.45,98.7,5.63,9.99
2015,11,20,6.89,88.79,22.06,20.14,20.14,101.87,5.26,9.95
2015,11,21,0.84,86.9,21.5,19.24,19.24,86.12,5.79,9.79
2015,11,22,7.51,90.63,21.5,19.91,19.91,86.61,6.35,9.78
2015,11,23,12.12,89.22,22.03,20.18,20.18,103.79,4.9,9.83
2015,11,24,1.08,86.58,21.83,19.51,19.51,82.42,5.03,9.38
2015,11,25,0,78.11,19.58,15.64,15.64,74.83,4.81,7.92
2015,11,26,0,81.63,19.94,16.62,16.62,83.4,3.86,8.19
2015,11,27,0.01,82.92,21.2,18.19,18.19,85.48,3.89,8.82
2015,11,28,0,76.37,20.1,15.72,15.72,69.77,3.59,8.58
2015,11,29,3.79,87.96,20.79,18.7,18.7,72.26,5.52,9.16
2015,11,30,3.26,87.28,21.43,19.25,19.25,73.68,5.31,9.8
2015,12,1,4.91,86.09,21.49,19.09,19.09,62.34,6.52,9.54
2015,12,2,4.12,88.52,21.26,19.28,19.28,65.48,5.22,9.84
2015,12,3,0.2,85.29,21.55,18.97,18.97,43.35,5.75,9.74
2015,12,4,0.41,81.89,21.22,18.01,18.01,49.16,6.52,8.67
2015,12,5,1.92,84.88,20.96,18.31,18.31,58.49,7.19,9.24
2015,12,6,0.72,88.95,20.98,19.08,19.08,63.19,7.27,9.55
2015,12,7,0.17,83.98,21.75,18.93,18.93,60.91,6.43,9.13
2015,12,8,1.38,79.3,19.78,16.06,16.06,55.71,5.92,9.13
2015,12,9,0.87,85.5,21.1,18.49,18.49,79.24,5.69,9.71
2015,12,10,0.16,85.68,22.31,19.8,19.8,83.9,5.11,9.52
2015,12,11,0,82.58,22.77,19.65,19.65,117.07,3.71,9.14
2015,12,12,0.01,77.38,22.97,18.76,18.76,103.84,3.48,9.28
2015,12,13,0,75.81,22.61,18.08,18.08,128.41,2.9,9.12
2015,12,14,0.03,74.43,22.44,17.64,17.64,93.21,3.03,9.17
2015,12,15,0.02,74.44,21.85,17.07,17.06,116.64,3.23,8.88
2015,12,16,0,70.76,21.08,15.42,15.42,117.05,3.63,8.25
2015,12,17,0,76.76,20.34,16.08,16.08,121.73,4.58,7.7
2015,12,18,0,79.16,21.72,17.94,17.94,120.6,4.15,8.61
2015,12,19,0,76.63,22.2,17.87,17.87,109.08,4.37,8.36
2015,12,20,0,76.15,21.37,16.98,16.99,113.51,4.79,8.26
2015,12,21,0,68.29,21.17,15.04,15.04,100.9,3.32,8.02
2015,12,22,0,67.93,20.45,14.24,14.23,102.27,4.84,7.63
2015,12,23,0,71.02,20.91,15.35,15.35,102.54,4.76,7.72
2015,12,24,0,67.57,20.83,14.43,14.43,90.35,4.5,7.71
2015,12,25,0,72.51,20.77,15.59,15.59,77.66,5.33,7.78
2015,12,26,0,72.36,20.22,14.98,14.98,69.26,5.73,7.88
2015,12,27,0,73.95,20.76,15.93,15.93,64.96,6.4,8.55
2015,12,28,0,68.33,19.79,13.67,13.66,66.57,6.2,7.82
2015,12,29,0,63.66,19.29,11.96,11.96,70.74,5.83,7.7
2015,12,30,0,59.95,19.53,11.1,11.1,72.45,6.07,7.44
2015,12,31,0,70.07,19.31,13.59,13.59,78.56,6.19,7.39
2016,1,1,0,71.4,18.99,13.61,13.6,74.7,6.38,7.59
2016,1,2,0,61.99,19.04,11.29,11.29,65.65,5.37,7.18
2016,1,3,0,62.43,18.96,11.33,11.33,79.91,5.21,7.05
2016,1,4,0,61.88,19.06,11.28,11.27,87.34,5.37,7.04
2016,1,5,0,63.39,18.86,11.47,11.47,86.72,4.86,7.17
2016,1,6,0,60.43,19.79,11.52,11.52,78.68,4.17,7.49
2016,1,7,0,62.99,19.77,12.29,12.29,82.31,4.54,8.18
2016,1,8,0,62.93,19.63,12.22,12.22,65.57,3.9,8.15
2016,1,9,0,57.93,19.8,11.01,11,74.44,4.55,7.77
2016,1,10,0,56.61,19.34,10.25,10.24,88.56,4.35,7.67
2016,1,11,0,59.95,19.27,11.18,11.18,79.8,4.9,7.64
2016,1,12,0,59.84,19.71,11.56,11.55,81.99,4.2,7.85
2016,1,13,0,65.01,18.96,12.2,12.2,100.51,3.58,8.2
2016,1,14,0,58.81,19.77,11.24,11.23,88.54,3.96,7.67
2016,1,15,0,65.73,20.29,13.61,13.61,102.52,4.07,7.65
2016,1,16,0,63.79,21.16,14,14,109.39,2.71,8.11
2016,1,17,0,66.32,21.07,14.55,14.55,129.84,3.18,8.3
2016,1,18,0.01,64.97,21.7,14.81,14.81,126.64,3.03,8.68
2016,1,19,0.16,67.92,22.99,16.73,16.73,140.11,3.35,9.77
2016,1,20,1.4,73.76,22.78,17.85,17.85,131.7,3.12,9.83
2016,1,21,0.62,72.25,23.26,17.98,17.98,99.2,3.25,9.3
2016,1,22,0.09,70.05,21.99,16.22,16.22,97.53,4.71,9.05
2016,1,23,0.01,71.39,22.85,17.41,17.41,86.74,5.57,9.22
2016,1,24,0,68.33,23.53,17.35,17.35,97.97,4.49,9.01
2016,1,25,0,66.02,23.92,17.16,17.16,113.27,3.69,8.79
2016,1,26,0,65.2,23.98,17.02,17.02,128.66,3.41,8.71
2016,1,27,0,59.58,23.8,15.31,15.31,87.53,3.86,8.53
2016,1,28,0,54.93,23.22,13.32,13.31,105.55,3.76,7.92
2016,1,29,0,53.18,22.71,12.42,12.42,86.79,4.91,7.77
2016,1,30,0,54.1,21.98,11.95,11.95,93.77,4.94,7.68
2016,1,31,0,48.86,21.84,10.01,9.99,86.6,5.57,7.39
2016,2,1,0,41.93,21.73,7.34,7.3,93.14,5.36,7.37
2016,2,2,0,40.66,22.16,7.21,7.17,93.86,5.09,7.43
2016,2,3,0,43.76,22.35,9.18,9.17,95.61,4.75,7.76
2016,2,4,0,47.96,22.16,10.14,10.13,100.16,5.69,7.65
2016,2,5,0,51.94,22.28,11.54,11.53,106.98,4.61,7.75
2016,2,6,0,53.91,23.11,13.08,13.08,133.63,4.56,8.19
2016,2,7,0,57.5,24.67,15.67,15.67,127.21,3,8.83
2016,2,8,0,56.36,25.11,15.77,15.77,102.25,4.04,8.81
2016,2,9,0,50.17,24.53,13.18,13.18,106.57,4.08,8.52
2016,2,10,0,48.99,24.43,12.84,12.84,118.55,3.31,8.37
2016,2,11,0,50.5,25.28,14.18,14.18,143.9,3.12,8.4
2016,2,12,0,47.35,25.37,13.26,13.25,137.61,4.27,8.46
2016,2,13,0,48.38,24.99,13.18,13.18,124.34,4.3,8.24
2016,2,14,0,48.33,24.21,12.14,12.14,91.33,5.78,7.98
2016,2,15,0,51.31,23.49,12.35,12.34,120.66,5.43,7.93
2016,2,16,0,50.42,24.45,13.04,13.04,109.83,5.55,8.21
2016,2,17,0,51.85,23.89,12.82,12.81,97.6,6.12,8.68
2016,2,18,0,53.83,24.39,14.25,14.25,102.51,6.61,8.99
2016,2,19,0,46.69,24.25,11.79,11.79,107.74,5.41,8.21
2016,2,20,0,47.07,26.34,13.66,13.66,109.67,4.34,8.43
2016,2,21,0,44.85,27.33,13.61,13.61,117.21,3.81,8.48
2016,2,22,0,41.26,27.02,11.83,11.82,117.14,4.69,8.07
2016,2,23,0,37.96,26.05,9.15,9.12,125.67,4.57,7.81
2016,2,24,0,40.47,26.11,11.04,11.03,149.67,3.97,8.24
2016,2,25,0,43.12,26.94,13.04,13.03,133.18,4.55,8.84
2016,2,26,0,50.93,26.42,14.96,14.96,124.97,5.88,8.71
2016,2,27,0,52.69,24.58,13.89,13.89,120.11,5.71,8.37
2016,2,28,0,51.53,26.13,15.01,15.01,117.58,5.65,8.99
2016,2,29,0,50.89,25.4,14.11,14.11,108.42,5.67,9.07
2016,3,1,0,51.67,25.51,14.59,14.58,108.35,5.34,8.87
2016,3,2,0,54.77,24.07,14.12,14.12,105.9,5.07,9.08
2016,3,3,0,45.78,25.73,12.8,12.8,91.63,5.98,8.54
2016,3,4,0,39.97,25.2,9.8,9.78,92.97,4.7,8.44
2016,3,5,0,42.13,25.74,11.46,11.45,100.42,4.82,8.31
2016,3,6,0,41.26,26.11,10.93,10.91,118.35,4.81,8.19
2016,3,7,0,41.17,26.35,11.22,11.21,117.08,4.77,8.21
2016,3,8,0,39.89,26.77,11.04,11.03,112.36,3.9,8.33
2016,3,9,0,40.54,26.59,11.22,11.21,109.24,3.92,8.59
2016,3,10,0,45.54,26.44,13.21,13.2,123.97,3.92,8.85
2016,3,11,0,36.17,27.86,10.33,10.32,97.92,3.61,8.79
2016,3,12,0,42.2,28.16,13.7,13.7,159.16,4.58,9
2016,3,13,0.3,44.46,28.75,15.37,15.37,177.67,3.51,9.61
2016,3,14,0.66,46.99,28.62,16.17,16.17,151.4,3.6,9.8
2016,3,15,15.98,55.87,27.5,17.76,17.76,188.16,3.62,9.83
2016,3,16,0.67,54.97,27.52,17.59,17.59,147.63,3.32,9.29
2016,3,17,3.35,57.33,27.37,18.12,18.12,140.99,3.53,9.69
2016,3,18,0,47.27,27.87,15.49,15.49,125.5,4.05,9.34
2016,3,19,0,42.89,28.04,14.15,14.15,158.73,3.35,9.11
2016,3,20,0,39.15,28.52,13.17,13.17,140.94,4.43,8.9
2016,3,21,0,33.92,29.68,11.98,11.98,137.88,3.28,9.17
2016,3,22,0,35.07,30.36,13.07,13.07,192.28,3.44,9.51
2016,3,23,0,38.98,30.77,15.03,15.03,150.54,3.91,9.63
2016,3,24,0,36.53,30.03,13.21,13.2,129.96,4.91,8.99
2016,3,25,0,32.69,28.37,9.57,9.56,121.66,4.57,8.44
2016,3,26,0,34.18,27.6,9.3,9.29,120.95,5.23,8.2
2016,3,27,0,33.52,27.21,8.61,8.59,136.33,4.65,8.07
2016,3,28,0,40.6,28.12,12.81,12.81,133.04,4.36,8.61
2016,3,29,0,44.9,28.69,14.96,14.96,135.79,4.67,8.9
2016,3,30,0,40.19,28.87,13.09,13.08,128.31,4.77,8.83
2016,3,31,0,41.03,28.63,13.68,13.68,138.72,3.98,9.1
2016,4,1,0,37.63,29.15,12.85,12.85,137.57,4.63,8.95
2016,4,2,0,35.07,29.68,12.2,12.2,127.64,5.1,9.08
2016,4,3,0,33.53,29.89,11.84,11.84,134.95,4.71,9.29
2016,4,4,0,30.28,29.59,9.87,9.87,126.51,5.53,8.98
2016,4,5,0,30.04,29.12,9.1,9.09,135.27,4.46,8.78
2016,4,6,0,38.62,30.17,14.08,14.08,140.28,3.77,9.3
2016,4,7,0.14,40.9,31.14,15.99,15.99,149.93,4.19,9.82
2016,4,8,0.65,45.08,30.44,17.01,17,156.63,4.24,10.13
2016,4,9,0.1,51.82,28.72,17.76,17.76,160,3.93,10.09
2016,4,10,0,43.09,30.05,16.01,16.01,136.21,3.76,9.85
2016,4,11,0,37.39,31.38,14.98,14.98,127.62,3.67,9.72
2016,4,12,0,34.32,31.98,13.8,13.79,134.01,4.03,9.57
2016,4,13,0,37.85,32.37,15.94,15.94,265.54,3.72,9.87
2016,4,14,0,37.38,33,16.43,16.43,141.17,4.69,10.13
2016,4,15,0.01,40.84,32.35,17.13,17.13,134.66,4.85,10.08
2016,4,16,0,38.68,31.89,15.57,15.57,132.98,4.95,9.7
2016,4,17,0,35.72,32.32,14.8,14.8,119.84,5.21,9.71
2016,4,18,0,36.75,31.18,13.97,13.97,134.31,5.32,9.12
2016,4,19,0,41.26,31.4,16.22,16.22,143.2,4.68,9.38
2016,4,20,0,39.83,31.9,16.14,16.13,149.44,4.17,9.71
2016,4,21,0.12,35.69,32.66,15.29,15.29,170.9,3.62,10.01
2016,4,22,0.12,36.82,32.97,16.03,16.03,275.53,3.79,10.09
2016,4,23,0,29.5,33.37,12.93,12.93,326.69,3.67,10.2
2016,4,24,0,27.25,33.55,11.7,11.7,0.25,3.87,9.72
2016,4,25,2.77,37.96,32.79,16.51,16.51,162.47,3.5,10.24
2016,4,26,0.66,45.57,30.86,17.72,17.72,138.52,4.83,9.91
2016,4,27,0,40.37,29.7,14.01,14,129.06,4.18,9.28
2016,4,28,0,39.91,29.68,13.94,13.93,147.66,4.44,9.21
2016,4,29,0,32.54,30.66,11.73,11.73,148.19,5.51,8.93
2016,4,30,0,31.57,30.7,11.21,11.2,143.06,5.06,9.15
2016,5,1,0,34.55,31.58,13.57,13.57,161.98,4.49,9.25
2016,5,2,0.19,36.72,32.02,15.21,15.21,172.54,3.89,9.87
2016,5,3,0.11,33.75,32.45,14.12,14.12,151.02,4.4,9.85
2016,5,4,0.04,37.58,31.38,14.94,14.94,144.01,4.02,10.02
2016,5,5,0.5,42.77,30.61,16.39,16.39,143.03,3.58,10.16
2016,5,6,17,57.92,28.3,19.13,19.14,127.29,2.5,10.13
2016,5,7,11.55,68.65,26.82,20.54,20.54,152.74,3.45,10.05
2016,5,8,10.94,73.76,25.97,20.91,20.91,144.69,3.11,9.96
2016,5,9,0.37,58.14,27.8,18.75,18.75,121.21,3.66,9.62
2016,5,10,2.27,62.14,27.13,19.16,19.16,134.84,4.09,9.95
2016,5,11,0.11,55.01,27.12,17,17,154.9,2.57,10
2016,5,12,0.55,53.21,27.9,17.33,17.33,247.44,3.48,10.16
2016,5,13,0.3,54.46,29.08,18.85,18.85,205.92,2.94,10.09
2016,5,14,0.15,54.78,29.07,19,19,109.73,4.12,10.22
2016,5,15,0.03,51.82,28.18,17.14,17.14,134.73,4.42,9.99
2016,5,16,1.68,57.2,26.6,17.19,17.19,108.14,3.22,10.48
2016,5,17,6.79,57.94,26.28,17.07,17.07,26.79,4.55,10.75
2016,5,18,12.03,72.64,25.46,20.17,20.17,285.8,6.8,10.75
2016,5,19,34.21,80.96,24.99,21.51,21.51,257.89,6.97,10.33
2016,5,20,1.03,70.65,25.89,20.15,20.15,267.88,8.13,10.14
2016,5,21,0,66.12,26.18,19.33,19.33,278.46,7.38,9.79
2016,5,22,0,60.02,27.18,18.64,18.64,282.5,7.19,9.9
2016,5,23,0,58.35,28.43,19.37,19.37,281.41,7.22,9.65
2016,5,24,0,55.88,28.87,19.06,19.06,283.09,7.09,9.52
2016,5,25,0.13,57.15,28.6,19.21,19.21,280.86,6.74,9.62
2016,5,26,0.01,60.03,28.15,19.58,19.58,280.45,6.26,9.85
2016,5,27,2.43,59.48,28.05,19.32,19.32,281.83,3.98,9.99
2016,5,28,2.86,74.43,24.59,19.72,19.72,287.28,4.98,10.02
2016,5,29,8.48,68.04,26.55,20.16,20.16,289.81,5.45,10.04
2016,5,30,0.91,67.94,26.33,19.92,19.92,276.23,4.17,9.99
2016,5,31,1.12,62.57,27.41,19.57,19.57,274.65,3.67,9.99
2016,6,1,21.74,77.47,24.93,20.71,20.71,281.46,4.13,10.13
2016,6,2,13.52,79.94,24.68,21,21,281.12,4.16,10.28
2016,6,3,1.36,68.87,26.38,20.17,20.17,265.67,3.43,10.06
2016,6,4,4.76,71.11,26.01,20.34,20.34,265.35,5.76,10.1
2016,6,5,1.78,68.04,26.35,19.93,19.93,279.16,5.51,10.04
2016,6,6,12.76,74.47,25.87,20.95,20.96,267.09,5.47,10.14
2016,6,7,5.6,76.16,25.55,21.03,21.03,260.79,4.95,9.98
2016,6,8,9.05,75.27,25.15,20.45,20.45,261.23,6.14,10.72
2016,6,9,1.38,68.87,24.95,18.84,18.84,248.84,7.29,9.98
2016,6,10,0.38,69.56,25.01,19.07,19.07,247.4,8.65,9.82
2016,6,11,0.87,67.58,25.12,18.7,18.71,271.98,9.1,9.69
2016,6,12,0.65,67.62,24.36,17.96,17.96,279.26,8.53,9.69
2016,6,13,4.66,63.27,23.91,16.46,16.46,276.79,9.61,9.62
2016,6,14,0.32,65.47,24.74,17.81,17.81,280.67,8.09,9.86
2016,6,15,0.69,64.07,25.39,18.07,18.07,273.76,8.81,9.63
2016,6,16,3.62,71.55,24.65,19.16,19.16,276.92,6.72,9.63
2016,6,17,2.37,69.92,24.97,19.06,19.06,284.34,6.67,10.59
2016,6,18,0.52,73.53,24.37,19.31,19.31,291.43,7.19,9.77
2016,6,19,2.69,73.06,23.95,18.8,18.8,276.27,5.45,10.03
2016,6,20,2.04,80.06,23.61,19.98,19.98,250.33,3.99,10.06
2016,6,21,3.09,79.7,23.37,19.67,19.67,258.47,5.51,10.06
2016,6,22,15.45,78.19,22.64,18.65,18.65,283.28,7.32,10.01
2016,6,23,6,79.11,22.02,18.25,18.25,277.62,8.49,9.95
2016,6,24,2.16,73.11,23.1,18.02,18.02,286.16,8.86,9.74
2016,6,25,2.47,72.46,22.78,17.58,17.58,288.18,9.64,9.86
2016,6,26,0.15,74.03,23.98,19.08,19.08,281.27,7.48,9.89
2016,6,27,3.27,76.06,23.55,19.09,19.09,277.53,8.88,9.86
2016,6,28,4.05,76.6,23.7,19.33,19.33,262.85,9.3,10.03
2016,6,29,3.53,79.29,23.56,19.79,19.79,265.09,9.68,9.99
2016,6,30,5.46,76.53,23.65,19.29,19.29,268.69,10.15,10.25
2016,7,1,0.12,75.98,23.77,19.3,19.3,267.92,10.36,9.93
2016,7,2,0.02,70.01,24.8,18.97,18.97,268.34,10.61,9.86
2016,7,3,0,71.67,24.79,19.35,19.35,268.48,9.57,9.99
2016,7,4,1.61,72.4,24.69,19.41,19.41,262.75,8.21,10.06
2016,7,5,0.94,72.45,25.15,19.85,19.85,264.74,7.59,10.6
2016,7,6,0.79,77.89,24.28,20.2,20.2,263.87,7.65,10.03
2016,7,7,2.36,76.71,23.72,19.4,19.4,255.15,8.14,9.96
2016,7,8,0.06,72.18,24.39,19.06,19.06,263.95,9.11,9.92
2016,7,9,0.43,73.39,24.39,19.32,19.32,262.82,10.58,9.94
2016,7,10,0.3,69.46,25,19.01,19.01,267.12,11.5,9.87
2016,7,11,0.14,70.39,24.59,18.84,18.84,267.03,11.36,9.89
2016,7,12,0.06,71.74,24.37,18.95,18.95,268.85,9.62,9.96
2016,7,13,0,68.12,25.27,18.98,18.98,267.62,8.72,9.84
2016,7,14,0.2,67.82,25.57,19.18,19.18,271.92,6.5,9.78
2016,7,15,0.99,70.79,25.49,19.78,19.79,275.15,3.71,10.03
2016,7,16,5.2,75.32,24.5,19.84,19.84,258.99,3.05,9.9
2016,7,17,3.7,77.32,23.7,19.48,19.48,262.13,2.8,9.85
2016,7,18,13.07,77.54,23.73,19.55,19.55,296.26,4.19,9.92
2016,7,19,1.8,74.42,23.67,18.84,18.84,291.96,6.01,9.87
2016,7,20,4.48,75.16,23.87,19.2,19.2,291.98,6.2,9.85
2016,7,21,3.61,77.55,22.99,18.87,18.87,281.29,7.95,10.05
2016,7,22,0.45,74.33,23.53,18.7,18.7,276.56,7.54,10.07
2016,7,23,1.11,72.87,24.17,18.98,18.98,279.72,5.97,10.05
2016,7,24,7.51,76.87,23.6,19.31,19.31,279.47,5.58,9.95
2016,7,25,19.34,73.9,24.31,19.34,19.34,283.65,3.01,9.88
2016,7,26,13.6,76.92,23.71,19.4,19.4,246.75,2.76,9.76
2016,7,27,17.04,82.11,23.6,20.38,20.38,219.07,3.34,9.87
2016,7,28,25.38,84.46,23.37,20.6,20.6,280.17,3.99,10.1
2016,7,29,9.09,80.53,23.51,19.98,19.98,284.84,6.07,9.86
2016,7,30,5.15,82.8,22.15,19.1,19.1,264.62,6.5,9.74
2016,7,31,0.15,73.04,22.97,17.88,17.88,271.45,8.43,9.53
2016,8,1,0.62,73.89,23.19,18.28,18.28,270.78,9.58,9.69
2016,8,2,0.01,77.7,22.84,18.77,18.77,264.44,10.07,9.55
2016,8,3,0,73.31,23.74,18.7,18.7,269.81,10.36,9.58
2016,8,4,0,75.62,23.61,19.07,19.07,272.56,9.7,9.92
2016,8,5,0,74.32,23.88,19.05,19.05,269.18,9.67,9.9
2016,8,6,0.02,75.41,23.75,19.16,19.16,270.43,8.94,9.84
2016,8,7,0.1,77.41,23.51,19.35,19.35,270.63,8.14,9.78
2016,8,8,0.02,73.55,24.21,19.2,19.19,273.19,7.56,9.72
2016,8,9,0.02,71.59,24.72,19.26,19.26,272.21,7.32,9.5
2016,8,10,0.01,73.26,24.28,19.2,19.2,275.36,7.49,9.87
2016,8,11,0,72.28,24.51,19.2,19.2,278.44,6.59,9.56
2016,8,12,1.35,73.24,24.82,19.71,19.71,280.85,6.74,9.71
2016,8,13,0.94,74.15,24.77,19.87,19.87,278.3,7.07,10.01
2016,8,14,1.36,75.44,24.06,19.45,19.45,275.24,7.58,9.89
2016,8,15,1.25,70.79,24.49,18.85,18.85,285.78,8.86,9.88
2016,8,16,1.39,69.39,24.7,18.73,18.73,282.39,9.65,9.63
2016,8,17,1.06,70,24.77,18.94,18.94,276.87,8.82,9.56
2016,8,18,0.24,69.62,25.06,19.13,19.13,280.59,7.32,9.62
2016,8,19,0.13,68.71,25.29,19.12,19.12,281.01,6.87,9.55
2016,8,20,0.23,66.72,25.62,18.95,18.95,285.64,5.46,9.68
2016,8,21,0.77,65.13,26.06,18.96,18.95,294.57,4.75,9.52
2016,8,22,1.29,66.29,26.16,19.35,19.35,289.2,5.51,9.74
2016,8,23,0.78,69.25,25.31,19.26,19.26,279.5,6.05,9.72
2016,8,24,0.1,71.85,25.01,19.57,19.57,280.98,6,10.08
2016,8,25,3.72,77.42,24.36,20.16,20.16,282.91,5.63,9.96
2016,8,26,7.35,76.04,24.22,19.72,19.72,299.6,5.99,9.91
2016,8,27,3.08,74.56,24.51,19.69,19.69,292.02,5.2,9.99
2016,8,28,0.08,70.33,24.64,18.85,18.85,284.4,5.93,9.92
2016,8,29,0.95,73.14,24.47,19.33,19.33,283.74,5.49,10.22
2016,8,30,5.51,80.3,23.75,20.16,20.16,277.48,4.67,10.24
2016,8,31,15.28,81.42,22.8,19.46,19.46,265.58,6.36,10.32
2016,9,1,0.55,72.29,23.12,17.86,17.86,271.84,6.58,9.83
2016,9,2,0.67,72.04,23.06,17.75,17.75,267.45,6.34,9.69
2016,9,3,0.16,73.32,22.95,17.93,17.93,278.67,6.16,9.66
2016,9,4,0.88,70.2,23.73,17.97,17.97,281.8,6.49,9.6
2016,9,5,0.1,68.87,23.79,17.73,17.73,285.41,6.92,10
2016,9,6,0.33,67.8,23.93,17.61,17.61,287.34,7,9.71
2016,9,7,0.07,65.4,24.2,17.28,17.28,292.54,6.44,9.4
2016,9,8,0,62.68,24.67,17.03,17.03,296.15,5.58,9.28
2016,9,9,1.82,64.07,25.02,17.69,17.69,307.27,4.68,9.44
2016,9,10,5.68,67.82,24.78,18.4,18.4,303.2,5.62,9.62
2016,9,11,1.02,71.34,23.22,17.71,17.71,302.78,5.79,9.5
2016,9,12,0.15,69.73,23.72,17.84,17.84,301.91,5.6,9.78
2016,9,13,0.2,68.13,24.05,17.79,17.79,303.4,6.7,9.67
2016,9,14,1.52,68.14,25.02,18.72,18.72,293.51,6.8,9.64
2016,9,15,1.89,71.41,23.88,18.35,18.35,282.87,6.99,9.72
2016,9,16,1.56,69.13,24.51,18.45,18.45,269.44,7.11,9.79
2016,9,17,1.32,69.77,23.79,17.9,17.9,267.84,6.97,9.6
2016,9,18,0.01,67.21,24.27,17.8,17.8,275.01,7.04,9.3
2016,9,19,0,64.86,24.74,17.67,17.67,295.43,6.62,9.29
2016,9,20,0.06,65.4,24.44,17.49,17.49,296.2,7.09,9.62
2016,9,21,1.25,71.66,23.71,18.29,18.28,294.05,7.41,9.89
2016,9,22,0.07,65.35,24.29,17.38,17.38,286.6,8.35,9.96
2016,9,23,0.82,68.77,24.66,18.54,18.54,281.52,7.83,9.76
2016,9,24,0.1,67.57,24.87,18.47,18.47,274.39,8.79,10.03
2016,9,25,0.02,66.21,25.28,18.53,18.53,280.09,7.2,9.97
2016,9,26,0.45,66.98,25.75,19.12,19.12,291.9,5.44,10.21
2016,9,27,4.1,84.98,23.54,20.87,20.87,287.66,4.2,10.07
2016,9,28,3.9,80.42,24.28,20.69,20.69,304.59,3.82,10.05
2016,9,29,3.93,75.92,24.68,20.12,20.12,300.46,4.24,10.02
2016,9,30,0.35,64.96,25.54,18.42,18.42,291.39,6.06,9.7
2016,10,1,0,63.32,24.89,17.38,17.38,265.26,5.3,9.16
2016,10,2,0.05,66.38,24.21,17.51,17.51,274.91,3.18,8.84
2016,10,3,1.29,65.89,25.44,18.54,18.55,244.94,2,9.27
2016,10,4,1.68,68.93,25.11,18.95,18.95,297.36,3.4,9.44
2016,10,5,0.04,60.37,25.7,17.37,17.37,307.78,4.84,9.15
2016,10,6,0,59.39,24.76,16.22,16.22,296.02,4.4,8.77
2016,10,7,0,59.23,24,15.47,15.47,273.32,4.82,8.69
2016,10,8,0,59.63,25.37,16.81,16.8,272.15,5.4,8.92
2016,10,9,0.74,64.81,24.77,17.66,17.66,281.37,5.86,9.28
2016,10,10,0.64,66.72,24.86,18.23,18.23,285.81,5.62,9.59
2016,10,11,8.04,70.19,25.16,19.31,19.31,279.18,3.65,9.72
2016,10,12,14.38,80.78,23.8,20.3,20.3,308.36,3.32,10.02
2016,10,13,3.39,78.22,23.92,19.88,19.88,109.69,2.28,9.86
2016,10,14,0.59,66.63,24.51,17.82,17.82,75.04,3.31,9.74
2016,10,15,0,58.07,23.96,15.04,15.04,58.25,3.84,8.67
2016,10,16,0,57.41,23.94,14.91,14.91,56.4,3.03,8.43
2016,10,17,0,57.06,24.29,15.18,15.18,39.83,2.56,8.25
2016,10,18,0,52.84,24.6,14.24,14.24,29.87,3.27,8.45
2016,10,19,0,54.97,24.98,15.17,15.17,21.91,2.24,8.62
2016,10,20,0,57.15,24.75,15.53,15.53,24.47,2.69,8.7
2016,10,21,0,52.51,24.49,13.83,13.83,50.34,2.26,8.85
2016,10,22,0,51.27,24.79,13.64,13.64,30.86,2.42,8.87
2016,10,23,0,48.61,24.2,12.37,12.36,357.28,3.68,8.79
2016,10,24,0,53.62,23.24,13.14,13.14,326.46,3.82,8.37
2016,10,25,0,51.37,24.19,13.37,13.37,27.26,2.63,8.45
2016,10,26,0,51.39,24.15,13.42,13.42,55.73,3.32,8.3
2016,10,27,0,49.44,23.99,12.66,12.66,29.82,4.07,8.78
2016,10,28,0,45.29,25.28,12.49,12.49,4.73,3.8,8.97
2016,10,29,0.01,49.78,25.96,14.44,14.44,42.59,3.38,8.63
2016,10,30,0.41,58.34,25.56,16.61,16.61,71.62,4.59,9.32
2016,10,31,0.25,61.37,25.36,17.32,17.32,76.29,4.86,9.6
2016,11,1,1.19,59.99,25.16,16.68,16.68,73.5,5.02,9.64
2016,11,2,0.55,67.44,24.21,17.73,17.73,71.19,4.45,9.52
2016,11,3,0.06,65.17,24.49,17.47,17.47,47.78,4.63,9.35
2016,11,4,0,54.27,25.78,15.72,15.72,354.33,2.8,8.87
2016,11,5,0,43.34,25.12,11.64,11.63,345.52,3.94,8.5
2016,11,6,0,42.06,25.23,11.28,11.28,1.81,2.67,8.5
2016,11,7,0,48.17,24.58,12.71,12.71,41.23,3.2,8.49
2016,11,8,0.01,50.03,23.69,12.23,12.23,72.65,4.03,8.52
2016,11,9,0.01,44.08,22.56,9.08,9.06,84.16,4.45,8.04
2016,11,10,0,40.68,22.6,8.42,8.41,75.07,3.72,7.96
2016,11,11,0,48.11,23.15,11.34,11.33,112.18,3.78,8.38
2016,11,12,0,49.47,24.32,12.8,12.8,100.02,4.05,8.73
2016,11,13,0.14,58.97,25.21,16.48,16.48,90.21,4.38,9.38
2016,11,14,0.29,58.04,26.21,17.17,17.17,98.97,5.1,9.71
2016,11,15,0.21,51.85,25.47,14.4,14.39,101.04,5.38,8.98
2016,11,16,0.01,57.07,25.08,15.9,15.9,78.8,6.02,9.25
2016,11,17,0.01,60.69,24.66,16.51,16.51,73.05,6.43,9.3
2016,11,18,0,54.58,23.02,13.17,13.16,61.34,5.75,8.43
2016,11,19,0,50.04,23.29,11.98,11.98,79.07,5.34,8.18
2016,11,20,0,48.21,22.6,10.49,10.48,78.35,4.81,8.61
2016,11,21,0,46.62,23.3,10.76,10.75,81.6,5.51,8.37
2016,11,22,0,36.84,23.52,6.71,6.66,80.61,4.1,7.92
2016,11,23,0,38.44,22.89,6.95,6.91,87.95,5.26,7.7
2016,11,24,0,38.58,22.1,6.05,5.99,78.05,5.07,7.44
2016,11,25,0,39.84,21.93,6.7,6.65,73.03,5.7,7.37
2016,11,26,0,35.72,22.7,5.54,5.48,78.25,4.1,7.94
2016,11,27,0,31.06,23.2,4.29,4.23,53.15,4.19,7.71
2016,11,28,0,25.1,23.7,2.07,2,63.09,3.96,7.72
2016,11,29,0,33.46,23.41,5.56,5.51,73.4,4.13,7.96
2016,11,30,0,46.79,22.11,9.95,9.94,61.23,4.55,8.36
2016,12,1,1.96,56.75,21.25,12.2,12.2,17.39,6.37,9.22
2016,12,2,5.58,72.67,22.45,17.28,17.28,64.03,6.6,9.96
2016,12,3,2.56,78.04,22.73,18.72,18.72,98.61,6.84,9.93
2016,12,4,0.18,67.67,23.65,17.21,17.21,98.12,5.42,9.23
2016,12,5,0.32,65.97,23.77,16.94,16.94,73.93,4.62,9.43
2016,12,6,0,59.26,22.55,14.03,14.03,63.26,5.73,8.4
2016,12,7,0,59.73,21.98,13.57,13.57,84.02,5.2,8.27
2016,12,8,0,60.06,23.76,15.46,15.46,62.51,3.82,9.1
2016,12,9,0,42.11,23.2,8.86,8.85,9.16,4.09,7.84
2016,12,10,0,22.43,21.63,-0.77,-0.89,354.4,5.55,7.53
2016,12,11,0,25.13,21.02,0.01,-0.1,356.83,4.83,8.03
2016,12,12,34.31,52.09,21.37,10.11,10.1,326.84,8.59,9.51
2016,12,13,9.2,82.28,20.74,17.61,17.61,116.33,5.71,9.86
2016,12,14,1.47,77.31,22.27,18.12,18.12,105,6.29,9.67
2016,12,15,0.42,66.13,21.71,14.97,14.97,93.85,5.52,8.58
2016,12,16,1.73,74.61,21.65,16.96,16.96,84.79,5.73,9.04
2016,12,17,0.01,66.17,21.99,15.34,15.34,66.72,4.76,8.73
2016,12,18,0,62.61,21.53,14.02,14.02,57.09,4.44,8.01
2016,12,19,0,53.18,20.82,10.77,10.77,53.58,5.4,7.72
2016,12,20,0,54.76,21.04,11.31,11.31,75.83,5.58,8.17
2016,12,21,0,58.48,21.68,13.09,13.09,81.02,3.75,7.96
2016,12,22,0,46.7,21.19,8.72,8.7,41.25,3.96,7.2
2016,12,23,0,34.52,20.94,4.3,4.26,44.27,3.67,6.91
2016,12,24,0,43.19,20.04,6.69,6.66,81.17,3.83,7.06
2016,12,25,0,51.05,19.98,9.01,8.99,86.88,3.11,7.21
2016,12,26,0,45.02,20.53,7.88,7.87,55.81,4.47,7.16
2016,12,27,0,50.28,20.71,9.8,10.02,62.9,6.4,7.48
2016,12,28,0.01,55.37,20.82,11.42,11.41,75.07,5.89,7.69
2016,12,29,0,52.52,20.23,9.62,9.6,79.48,5.12,7.27
2016,12,30,0,56.5,19.9,10.51,10.5,80.02,5.21,7.17
2016,12,31,0,54.74,19.87,10.04,10.03,78.98,5.13,7.26
2017,1,1,0,57.49,19.94,10.99,10.99,84.51,5.04,7.6
2017,1,2,0,51.51,20.37,9.72,9.71,56.49,4.6,8.2
2017,1,3,0,46.13,20.29,8.22,8.21,48.96,5.57,7.43
2017,1,4,0,50.28,20.82,10.04,10.03,61.42,4.19,7.55
2017,1,5,0,49.68,20.78,9.37,9.36,72.64,4.49,7.47
2017,1,6,0,48.17,20.78,8.87,8.86,75.25,3.7,7.46
2017,1,7,0,51.86,21.05,10.41,10.4,110.55,3.45,7.6
2017,1,8,0,52.54,20.99,10.71,10.71,109.74,3.96,7.61
2017,1,9,0,48.78,20.98,9.45,9.45,101.41,3.55,7.53
2017,1,10,0,46.06,21.14,8.94,8.93,92.51,2.72,7.68
2017,1,11,0,50.49,21.51,10.73,10.72,104.88,3.21,8.17
2017,1,12,0,56.15,22.08,12.85,12.85,134.42,3.76,8.12
2017,1,13,0,58.18,22.53,13.85,13.85,125.77,4.06,8.47
2017,1,14,0,58.3,21.79,13.16,13.16,96.13,5.26,8.43
2017,1,15,0,52.63,21.41,11.1,11.09,86.18,5.62,7.73
2017,1,16,0,49.77,21.64,10.19,10.18,60.62,4.67,7.69
2017,1,17,0,44.13,20.73,7.24,7.21,80.3,5.29,7.25
2017,1,18,0,47.62,20.31,8.37,8.36,77.17,6.13,7.26
2017,1,19,0,56.07,20.44,11.3,11.3,78.21,6.22,7.77
2017,1,20,0.08,54.27,21.22,11.19,11.19,69.24,5.93,7.73
2017,1,21,0.16,66.11,22.46,15.82,15.82,76.52,6.77,9.6
2017,1,22,0,50.08,22.93,11.76,11.76,73.91,6.26,8.63
2017,1,23,0,41.92,21.69,7.86,7.85,69.25,7.1,7.9
2017,1,24,0,49.24,22.34,11.08,11.08,73.81,6.84,8.03
2017,1,25,0,51.6,22.26,11.5,11.49,75.8,6.17,8.89
2017,1,26,2.16,64.93,22.22,15.21,15.2,88.26,5.13,9.49
2017,1,27,2.55,74.26,22.82,17.98,17.98,84.08,4.8,9.98
2017,1,28,0.83,68.72,23.67,17.56,17.56,85.66,5.74,9.66
2017,1,29,0.04,52.62,23.88,13.39,13.39,84.68,5.28,8.96
2017,1,30,0.01,50.29,23.19,11.98,11.98,74.94,4.83,8.12
2017,1,31,0,43.21,23.31,9,8.98,91.37,4.81,7.69
2017,2,1,0,37.89,21.91,5.34,5.24,99.13,4.73,7.31
2017,2,2,0,43.62,21.34,7.57,7.53,93.84,5.44,7.29
2017,2,3,0,45.38,21.63,8.78,8.76,82.15,4.84,7.36
2017,2,4,0,44.73,22.07,8.79,8.77,93.27,5.12,7.46
2017,2,5,0,42.69,21.84,7.63,7.6,104.77,4.31,7.39
2017,2,6,0,39.1,22.27,6.77,6.73,72.47,3.81,7.45
2017,2,7,0,32.22,22.78,4.8,4.76,98.54,3.77,7.35
2017,2,8,0,31.45,22.92,4,3.91,95.55,4.78,7.27
2017,2,9,0,35,22.74,4.85,4.77,86.88,4.09,7.35
2017,2,10,0,37.27,22.73,5.83,5.75,109.08,4.45,7.4
2017,2,11,0,38.12,22.53,5.97,5.89,107.31,4.32,7.41
2017,2,12,0,45.63,22.14,9.15,9.13,99.85,5.55,7.43
2017,2,13,0,49.59,21.94,10.69,10.68,92.86,6.63,7.6
2017,2,14,0,57.95,22.91,14.18,14.18,83.98,7.51,8.82
2017,2,15,0,44.46,23.2,9.82,9.81,75.81,6.15,7.86
2017,2,16,0,41.82,21.77,7.48,7.45,78.59,6.96,7.2
2017,2,17,0,41.16,21.51,7.39,7.37,83.11,6.67,7.21
2017,2,18,0,39.88,22.58,8.05,8.04,89.86,6.29,7.48
2017,2,19,0,33.79,24.21,6.8,6.78,86.36,4.12,7.98
2017,2,20,0,27.37,25.54,5.11,5.08,58.16,3.14,8.23
2017,2,21,0,28.54,26.15,6.08,6.06,67.57,3.77,8.36
2017,2,22,0,27.85,26.32,5.59,5.55,101.24,3.96,8.07
2017,2,23,0,34.56,25.82,7.91,7.88,97.86,5.35,8.01
2017,2,24,0,32.88,25.87,7.54,7.52,96.47,5.94,7.84
2017,2,25,0,31,26.11,7.17,7.15,96.57,4.91,8.13
2017,2,26,0,36.53,25.47,9.25,9.24,79.12,5.04,8.4
2017,2,27,0,37.86,23.7,7.53,7.5,88.85,5.97,8.54
2017,2,28,0,27.04,24.25,3.23,3.15,78.82,6.6,7.76
2017,3,1,0,27,24,3.42,3.36,88.71,6.7,7.78
2017,3,2,0,21.31,24.2,-0.85,-1.1,97.13,5.33,7.9
2017,3,3,0,37.11,25.13,8.53,8.5,117.54,4.87,8.83
2017,3,4,0.28,56.66,26.28,16.9,16.9,131.49,4.28,9.63
2017,3,5,0.16,53.85,26.94,16.63,16.63,126.83,3.06,9.86
2017,3,6,1.35,52.71,27.48,16.86,16.86,150.43,3.54,9.99
2017,3,7,9.63,63.62,25.84,18.35,18.35,148.41,3.49,9.88
2017,3,8,7.34,65.88,25.88,18.98,18.98,146,2.64,9.71
2017,3,9,0.06,60.81,26.59,18.36,18.36,167,3.19,9.55
2017,3,10,2.95,59.39,26.26,17.52,17.52,189.74,3.48,9.32
2017,3,11,0.31,54.77,26.62,16.56,16.56,211.16,2.89,9.1
2017,3,12,0,48.29,26.78,14.6,14.59,66.88,2.81,8.84
2017,3,13,2.78,54.3,27.21,17.07,17.07,143.7,3.63,9.56
2017,3,14,4.02,68.12,25.45,19.11,19.11,128.87,4.1,10
2017,3,15,0.34,61.03,25.3,17.17,17.17,121.05,5.23,9.67
2017,3,16,0.16,58.47,25.22,16.37,16.37,136.65,2.87,9.43
2017,3,17,0.41,52.94,26.69,16.16,16.16,130.9,2.38,9.18
2017,3,18,0.12,44.07,28.25,14.49,14.49,37.34,2.69,9.16
2017,3,19,0.01,40.55,28.31,13.09,13.09,65.86,4.07,8.99
2017,3,20,1.07,46.09,28.18,15.33,15.32,144.24,3.73,9.4
2017,3,21,2.8,51.33,27.44,16.47,16.47,127.02,4.09,9.56
2017,3,22,0,45.85,27.19,14.39,14.38,94.92,4.87,9.14
2017,3,23,0,39.44,26.71,11.17,11.16,101.33,4.78,8.5
2017,3,24,0,31.53,26.7,7.61,7.59,103.71,5.57,8.08
2017,3,25,0,28.96,26.97,6.99,6.97,101.66,5.69,8.06
2017,3,26,0,30.39,27.41,8.04,8.02,95.15,5.97,8.2
2017,3,27,0,31.92,26.68,8.2,8.19,109.53,6.05,8.08
2017,3,28,0,31.74,27.59,8.96,8.95,120.01,5.91,8.44
2017,3,29,0,32.19,28.21,9.69,9.68,110.62,5.04,8.59
2017,3,30,0,28.75,28.07,7.84,7.83,117.25,5.03,8.38
2017,3,31,0,38.19,28.13,11.95,11.95,110.44,6.21,8.42
2017,4,1,0,33.36,28.7,10.61,10.6,142.36,4.65,8.66
2017,4,2,0,28.43,29.69,9.18,9.17,135.72,4.74,8.97
2017,4,3,0,35.41,29.55,12.25,12.24,137.58,4.68,9.34
2017,4,4,0.18,40.89,29.7,14.62,14.62,133,4.3,9.55
2017,4,5,1.83,39.42,30.27,14.71,14.71,159.94,3.33,9.8
2017,4,6,1.16,38.95,30.75,15.09,15.09,139.31,3.3,9.95
2017,4,7,1.56,38.93,30.44,14.74,14.74,139.55,3.7,9.78
2017,4,8,0,35.77,30.57,13.5,13.49,127.04,4.96,9.56
2017,4,9,0,34.11,30.12,12.44,12.44,120.37,4.82,9.52
2017,4,10,0.47,36.15,30.57,13.7,13.7,112,4.3,9.71
2017,4,11,0.55,33.03,31.05,12.68,12.68,98.32,4.61,9.91
2017,4,12,0.01,35.38,30.26,12.66,12.66,86.57,4.8,9.75
2017,4,13,0.02,33.41,29.77,10.69,10.68,96,5.19,9.26
2017,4,14,0,31.29,29.43,9.02,9.01,85.38,4.93,9.09
2017,4,15,0,28.2,30.05,9.14,9.13,48.92,4.57,9.1
2017,4,16,0.19,30.61,31.07,11.57,11.57,138.51,3.77,9.63
2017,4,17,5.84,41.48,31.04,16.18,16.18,273.02,3.59,10.18
2017,4,18,0.06,41.81,30.3,15.65,15.65,275.74,3.15,9.87
2017,4,19,0.1,42.27,30.92,16.45,16.45,230.72,3.18,10.02
2017,4,20,1.3,44.63,30.67,17.12,17.12,223.65,3.24,10.12
2017,4,21,7.15,59.71,28.02,19.39,19.39,264.02,3.84,10.22
2017,4,22,2.31,53.46,28.86,18.21,18.21,285.05,4.04,10.03
2017,4,23,0,44.63,29.83,16.16,16.16,311.83,4.23,9.62
2017,4,24,0.37,40.68,30.52,15.36,15.36,332.47,3.96,9.68
2017,4,25,1.07,43.35,30.19,16.07,16.07,79.86,4.17,10.04
2017,4,26,0.19,53.17,28.68,18.13,18.13,170.36,2.52,9.92
2017,4,27,0,43.14,29.65,15.58,15.58,163.99,3.8,9.75
2017,4,28,0.28,36.68,30.49,13.89,13.88,170.42,2.64,9.8
2017,4,29,2.41,35.81,31.17,14.12,14.12,151.29,2.03,9.93
2017,4,30,1.28,39.94,30.29,15.01,15.01,129.59,2.31,9.85
2017,5,1,3.46,51.21,28.49,17.38,17.38,144.64,2.58,9.81
2017,5,2,4.53,53.72,27.62,17.27,17.27,133.55,3.38,9.83
2017,5,3,0.22,50.4,28.43,17.03,17.03,138.63,4.15,9.78
2017,5,4,0.04,44.17,29.61,15.95,15.94,131.18,3.41,9.56
2017,5,5,0.23,41.77,30.68,16.01,16.01,139.32,4.36,9.85
2017,5,6,0.07,45.02,30.73,17.17,17.17,155.92,3.71,10.1
2017,5,7,6.53,49.95,29.41,17.65,17.65,154.23,3.07,10.15
2017,5,8,10.4,62.14,26.34,18.24,18.24,212.2,2.79,10.03
2017,5,9,1.69,58.41,27.66,18.63,18.63,305.22,3.7,9.87
2017,5,10,1.99,62.98,27.55,19.79,19.79,90.4,2.49,10.06
2017,5,11,2.06,72.1,25.88,20.44,20.44,194,2.53,9.92
2017,5,12,0.16,62.25,27.25,19.35,19.35,137.03,3.55,10
2017,5,13,0.1,58.77,28.17,19.25,19.25,167.33,2.67,9.94
2017,5,14,3.56,56.56,29.38,19.73,19.73,282.31,3.52,9.98
2017,5,15,1.41,64,27.89,20.41,20.41,290.27,5.09,10.06
2017,5,16,1.18,47.61,30.51,17.76,17.76,290.44,3.12,10.05
2017,5,17,4.8,55.52,29.67,19.67,19.67,284.01,4.18,10.08
2017,5,18,16.04,65.31,27.32,20.14,20.14,274.13,4.77,10.15
2017,5,19,3.78,76.61,25.22,20.82,20.82,275.62,5.51,10.02
2017,5,20,5.78,70.01,26.18,20.25,20.25,268.86,4.86,10.27
2017,5,21,11.01,75.84,24.89,20.32,20.32,282.36,4.66,10.27
2017,5,22,11.8,73.5,25.92,20.81,20.8,296.04,3.65,10.07
2017,5,23,0.17,58.25,27.98,18.87,18.87,269.55,4.17,9.75
2017,5,24,3.6,62.98,27.82,20.04,20.04,289.34,4.49,10.08
2017,5,25,3.83,70.1,26.43,20.52,20.52,284.18,6.16,10.06
2017,5,26,12.12,69.96,26.73,20.75,20.75,272,5.17,10.2
2017,5,27,33.13,83.57,24.96,21.99,21.99,278.84,4.5,10.33
2017,5,28,3.1,76.74,25.65,21.27,21.27,272.6,6.71,10.19
2017,5,29,0.01,68.82,26.39,20.2,20.2,282.57,8.4,9.91
2017,5,30,0.03,65.98,26.56,19.68,19.68,276.81,8.81,9.54
2017,5,31,0.01,68.61,26.11,19.88,19.88,257.95,6.94,9.65
2017,6,1,0.03,65.92,26.29,19.4,19.4,245.04,5.23,9.73
2017,6,2,3.79,68.31,25.88,19.57,19.57,244.04,5.08,10.12
2017,6,3,0.06,71.35,25.12,19.59,19.59,256.7,7.92,9.96
2017,6,4,0.01,67.22,26.1,19.53,19.53,277.76,5.89,10.05
2017,6,5,0.09,64.11,26.76,19.37,19.37,277.3,6.22,9.93
2017,6,6,16.13,72.65,25.2,19.93,19.93,280.26,6.23,9.95
2017,6,7,2.25,67.19,24.02,17.52,17.52,299.86,8.32,10.26
2017,6,8,0.16,65.42,23.96,17.07,17.07,291.31,8.56,10
2017,6,9,2.33,73.58,24.18,19.18,19.18,277.81,8.2,10.01
2017,6,10,0.39,72.55,24.23,18.99,18.99,267.72,9.08,10.15
2017,6,11,0.43,69.68,24.59,18.7,18.7,259.36,9.64,10
2017,6,12,1.02,76.1,24.39,19.92,19.92,252.05,7.6,10.31
2017,6,13,0.17,71.4,25.81,20.25,20.25,255.47,6.45,10.12
2017,6,14,0.04,70.5,26.24,20.46,20.46,263.32,5.8,10.2
2017,6,15,0.1,67.68,26.19,19.73,19.73,265.95,6.08,9.93
2017,6,16,4.75,71.54,25.23,19.72,19.72,259.75,6.14,10.38
2017,6,17,0.7,66.03,24.3,17.49,17.49,269.81,7.26,9.79
2017,6,18,0.1,62.56,25.92,18.21,18.21,284.76,6.74,9.71
2017,6,19,2.7,67.42,24.16,17.64,17.64,279.11,6.86,9.96
2017,6,20,0.75,64.57,25.35,18.16,18.16,268.8,7.17,9.91
2017,6,21,0.26,65.79,25.26,18.36,18.36,261.76,7.27,9.77
2017,6,22,0.14,67.4,25.31,18.81,18.81,271.76,7.16,9.7
2017,6,23,1.47,67.59,25.73,19.26,19.26,270.77,7.9,9.83
2017,6,24,3.35,64.29,24.68,17.23,17.23,264.73,8.53,9.96
2017,6,25,0.82,71.59,24.33,18.84,18.84,260.84,8.78,9.94
2017,6,26,0.23,70.45,24.68,18.9,18.9,261.32,9.19,9.89
2017,6,27,3.81,67.49,24.32,17.86,17.86,257.88,9.65,9.69
2017,6,28,0.41,67.74,24.11,17.73,17.73,258.55,9.29,9.83
2017,6,29,1.89,67.88,23.76,17.42,17.42,263.07,8.56,10.58
2017,6,30,0.14,70.4,24.4,18.63,18.63,260.77,7.71,10.04
2017,7,1,0.01,64.92,25.76,18.63,18.63,266.5,7.31,10.31
2017,7,2,0.56,71.64,24.64,19.18,19.17,264.79,7.27,9.9
2017,7,3,0.98,64.68,25.15,18,18,275.29,7.37,9.79
2017,7,4,1.48,64.15,24.53,17.29,17.29,278.19,8.61,9.91
2017,7,5,2.41,70.83,24.18,18.55,18.55,271.18,7.18,10.01
2017,7,6,2.52,68.93,25.17,19.03,19.03,281.03,7.2,9.78
2017,7,7,1.06,66.91,25.05,18.44,18.44,289.26,6.78,9.9
2017,7,8,0.03,65.01,24.69,17.62,17.62,289.89,6.7,10.02
2017,7,9,0.19,64.67,25.16,17.99,17.99,276.35,5.04,9.79
2017,7,10,0.01,71.36,24.71,19.18,19.18,274.02,5.07,9.97
2017,7,11,2.33,74.81,24.2,19.45,19.45,288.46,7,9.92
2017,7,12,3.1,63.05,24.8,17.23,17.23,299.55,8.06,9.84
2017,7,13,0.09,61.99,24.93,17.06,17.06,283.98,8.28,9.69
2017,7,14,0.01,61.56,24.32,16.46,16.46,272.96,9.15,9.87
2017,7,15,0.53,64.58,24.8,17.65,17.65,271.79,8.36,9.73
2017,7,16,0.03,62.47,25.42,17.66,17.66,274.85,9.09,10.03
2017,7,17,0,65.03,24.88,17.83,17.83,274.63,9.62,9.69
2017,7,18,0.74,73.05,24.55,19.41,19.41,273.8,9.33,9.96
2017,7,19,3.06,71.1,24.78,19.19,19.19,256.85,10.34,10.01
2017,7,20,0.45,66.61,24.57,17.94,17.94,259.95,10.24,9.92
2017,7,21,0.06,68.6,25,18.83,18.83,261.78,8.84,9.95
2017,7,22,0,62.09,26.36,18.5,18.5,268.9,7.76,9.82
2017,7,23,0,61.99,26.46,18.57,18.57,270.07,7.63,9.92
2017,7,24,0,65.05,25.65,18.59,18.58,274.82,8.03,9.81
2017,7,25,0.03,60.04,26.77,18.35,18.35,278.49,7.7,9.81
2017,7,26,0.02,58.17,27,18.05,18.05,276.71,7.54,9.67
2017,7,27,2.4,60.64,26.59,18.33,18.33,277.74,7.85,9.78
2017,7,28,4,65.64,25.91,18.96,18.96,281.83,7.3,9.91
2017,7,29,3.55,70.64,25.16,19.43,19.43,289.14,6.02,10.05
2017,7,30,13.48,73.96,24.82,19.83,19.83,311.13,4.14,10.06
2017,7,31,19.26,75.85,24.88,20.31,20.31,301.43,4.08,10.05
2017,8,1,4.04,66.79,26,19.27,19.27,290.04,5.14,9.93
2017,8,2,1.57,67.89,25.61,19.2,19.2,289.55,5.83,9.92
2017,8,3,0.02,67.05,25.41,18.85,18.85,275.62,7.75,9.8
2017,8,4,0.12,70.97,25.19,19.55,19.55,279.41,7.74,10.11
2017,8,5,0.63,69.37,25.61,19.59,19.59,278.79,7.9,9.92
2017,8,6,1.42,67.98,26.04,19.66,19.66,286.13,6.94,10.07
2017,8,7,0.3,67.79,25.86,19.42,19.42,284.63,5.35,10.14
2017,8,8,2.15,70.45,25.48,19.67,19.67,286.74,3.81,9.98
2017,8,9,7.32,71.67,25.07,19.54,19.54,297.06,3.24,10.03
2017,8,10,5.53,74.75,24.06,19.26,19.26,307.7,2.53,10.02
2017,8,11,9.44,80.95,23.64,20.18,20.18,274.54,3.59,10.02
2017,8,12,3.9,78.71,23.77,19.84,19.84,299.41,4.22,10.04
2017,8,13,1.39,78.94,23.53,19.66,19.66,323.11,3.61,10.51
2017,8,14,28.18,76.16,23.7,19.23,19.23,297.18,2.34,9.88
2017,8,15,21.02,79.53,23.67,19.92,19.92,275.04,2.33,9.89
2017,8,16,10.45,80.27,23.91,20.31,20.31,282.23,3.91,9.89
2017,8,17,11.67,83.97,23.34,20.48,20.48,283.36,5.18,10
2017,8,18,3.29,81.3,23.32,19.93,19.93,284.7,6.57,10.19
2017,8,19,7.37,75.95,23.51,19.02,19.02,278.25,8.19,9.9
2017,8,20,7.87,77.48,23.11,18.97,18.97,275.36,7.9,9.9
2017,8,21,5.61,77.98,23.26,19.22,19.22,266.92,7.17,9.95
2017,8,22,2.47,80.31,23.41,19.83,19.83,275.02,5.9,9.86
2017,8,23,20.67,79.99,23.95,20.29,20.29,297.36,5.32,10.14
2017,8,24,7.83,83.72,23,20.11,20.11,285.09,6.25,10.13
2017,8,25,5.14,80.44,23.54,19.99,19.99,282.27,6.87,10.25
2017,8,26,6.8,82.77,23.56,20.47,20.47,273.57,6.65,9.96
2017,8,27,2.26,75.57,23.68,19.08,19.08,275.11,8.03,10
2017,8,28,2.53,84.61,22.85,20.13,20.13,260.85,7.01,10.32
2017,8,29,0.56,78.85,23.63,19.76,19.76,253.98,8.21,10.01
2017,8,30,0.78,77.94,24.44,20.34,20.34,270.65,6.38,10.18
2017,8,31,14.02,77.77,24.56,20.41,20.41,288.19,3.84,9.82
2017,9,1,17.89,82.04,24.36,21.11,21.11,331.99,3.63,10.03
2017,9,2,18.14,86.75,23.64,21.32,21.32,88.82,2.04,9.86
2017,9,3,17.34,82.94,24.17,21.1,21.11,321.76,3.11,9.98
2017,9,4,4.59,82.19,24.27,21.05,21.05,346.8,2.13,9.88
2017,9,5,18.42,82.61,24.33,21.18,21.18,335.49,3.47,9.91
2017,9,6,24.71,90.13,23.22,21.52,21.52,317.02,2.5,10.09
2017,9,7,4.42,88.06,23.58,21.5,21.5,215.7,3.2,10.02
2017,9,8,16.78,80.88,24.2,20.72,20.72,131.68,3.18,9.91
2017,9,9,16.93,81.53,24.19,20.83,20.83,139.46,2.64,10.01
2017,9,10,3.78,85.9,23.6,21.12,21.12,109.55,3.66,10.08
2017,9,11,0.6,84.11,24.13,21.29,21.29,113.22,4.63,9.99
2017,9,12,3.37,85.37,24.06,21.47,21.47,126.96,4.97,9.79
2017,9,13,1.49,83.58,24,21.06,21.06,138.58,4.63,9.64
2017,9,14,2.42,83.13,23.87,20.84,20.84,160.41,2.97,9.88
2017,9,15,1.25,87.92,23.07,20.97,20.97,222.63,4.18,9.82
2017,9,16,8.76,85.65,23.18,20.66,20.66,239.76,5.68,9.69
2017,9,17,12.58,85.06,22.14,19.52,19.53,246.43,7.81,10.05
2017,9,18,2.1,80.85,22.34,18.91,18.91,263.02,9.21,9.82
2017,9,19,0.64,81.38,22.79,19.45,19.45,267.32,8.63,9.65
2017,9,20,0.02,80.24,22.47,18.91,18.91,265.35,8.07,9.1
2017,9,21,0.25,80.45,22.77,19.23,19.23,266.83,6.98,9.47
2017,9,22,0.02,79.46,23,19.23,19.23,294.46,5.02,9.56
2017,9,23,0,78.61,24.28,20.33,20.33,309.93,2.73,9.47
2017,9,24,19.47,87.11,23.17,20.92,20.92,342.27,3.38,9.88
2017,9,25,17.75,91.43,22.11,20.67,20.67,309.72,4.9,9.75
2017,9,26,28.72,87.61,22.44,20.3,20.3,297.7,3.65,9.86
2017,9,27,22.01,89.95,21.92,20.21,20.21,295.39,3.05,10.03
2017,9,28,3.76,89.33,22.42,20.58,20.58,278.57,4.1,9.91
2017,9,29,5.69,87.21,22.29,20.04,20.04,271.37,4.01,10
2017,9,30,4.44,84.9,23.59,20.92,20.92,322.73,2.28,10.02
2017,10,1,6.1,88.83,22.89,20.97,20.97,266.35,2.82,9.93
2017,10,2,19.28,85.82,23.54,21.03,21.03,317.48,2.77,10.09
2017,10,3,2.44,90.19,22.92,21.24,21.24,310.67,2.79,10.04
2017,10,4,5.82,90.01,23.08,21.36,21.36,316.31,3.71,9.89
2017,10,5,25.03,88.57,22.97,20.99,20.99,351.97,2.64,9.93
2017,10,6,19.54,86.93,23.13,20.85,20.85,353.89,2.14,9.81
2017,10,7,8.91,87.77,22.74,20.61,20.61,203.87,3.46,9.97
2017,10,8,5.94,86.35,23.77,21.35,21.35,175.94,2.7,10.05
2017,10,9,17.31,86.67,23.84,21.49,21.49,240.64,2.2,10
2017,10,10,23.07,90.3,23.14,21.47,21.47,312.58,3.09,9.95
2017,10,11,20.02,87,23.2,20.92,20.92,147.93,2.4,9.7
2017,10,12,29.12,85.03,23.37,20.73,20.73,242.96,2.75,9.95
2017,10,13,8.61,87.47,23,20.81,20.81,283.77,3.02,9.98
2017,10,14,20.4,91.39,22.04,20.59,20.59,266.89,4.47,9.85
2017,10,15,0.22,88.16,22.17,20.09,20.09,271.73,5.22,9.88
2017,10,16,0.97,90.91,22.11,20.56,20.56,293.89,5.22,9.91
2017,10,17,0.03,88.83,22.03,20.11,20.11,292.9,4.39,9.75
2017,10,18,0,84.63,22.56,19.84,19.84,316.07,4.35,9.49
2017,10,19,0,75.54,23.3,18.72,18.72,315.67,3.52,9.25
2017,10,20,0,85.44,22.94,20.35,20.35,273.34,3.92,9.34
2017,10,21,0.34,81.99,23.26,20.01,20.01,263.78,3.29,9.43
2017,10,22,0.12,82.3,23.11,19.9,19.9,300.68,3.53,8.92
2017,10,23,0,73.73,21.39,16.45,16.45,306.69,3.62,8.46
2017,10,24,0.01,74.36,21.76,16.82,16.82,51.31,3.25,8.77
2017,10,25,1.53,87.92,22.26,20.16,20.16,84.35,3.63,9.6
2017,10,26,0.38,87.02,22.51,20.25,20.25,90.24,4.2,9.85
2017,10,27,1.81,85.86,22.04,19.58,19.58,56.06,4.62,9.48
2017,10,28,1.37,84.93,21.51,18.88,18.88,57.91,5.45,9.19
2017,10,29,0.05,84.27,21.48,18.72,18.72,39.73,5.72,8.93
2017,10,30,1.31,89.29,21.16,19.3,19.3,29.76,6.4,9.59
2017,10,31,0.35,88.74,21.31,19.37,19.37,49.8,5.7,9.73
2017,11,1,0.41,87.74,21.7,19.59,19.59,55.54,5.74,9.75
2017,11,2,1.29,85.95,21.07,18.62,18.62,33.4,5.68,9.6
2017,11,3,0.39,87.76,20.4,18.28,18.28,35.45,6.26,9.33
2017,11,4,2.54,89.47,20.49,18.68,18.68,54.88,6.01,9.8
2017,11,5,5.4,88.6,21.44,19.45,19.45,68.95,6.28,9.86
2017,11,6,4.95,88.95,21.37,19.49,19.49,65.75,5.85,9.77
2017,11,7,4.3,87.95,21.5,19.43,19.43,72.57,4.93,9.84
2017,11,8,1.01,86.74,21.51,19.22,19.22,65.06,5.49,9.32
2017,11,9,0.04,81.75,20.49,17.27,17.27,38.09,5.04,8.34
2017,11,10,0.05,84.83,20.33,17.65,17.65,34.39,5.49,8.42
2017,11,11,0,83.43,20.44,17.54,17.54,17.2,5.63,9.33
2017,11,12,0,81.75,20.42,17.1,17.1,3.68,6.27,9.04
2017,11,13,0.1,85.14,21.28,18.64,18.64,2.22,5,9.19
2017,11,14,0.43,85.41,21.97,19.39,19.39,358.79,4.05,9.58
2017,11,15,0.79,85.33,22.56,19.97,19.97,326.07,3.98,9.86
2017,11,16,1.16,86.12,22.29,19.85,19.85,335.77,4.14,9.59
2017,11,17,0.37,85.44,22.8,20.24,20.24,95.32,2.25,9.62
2017,11,18,0.01,85.49,22.71,20.17,20.17,107.17,3.83,8.93
2017,11,19,0.11,86,22.71,20.27,20.27,87.7,4.42,9.27
2017,11,20,0.34,85.27,22.1,19.53,19.53,73.25,4.4,9.25
2017,11,21,0.95,84.61,22.09,19.38,19.38,75.42,4.61,9.38
2017,11,22,0.2,85.24,21.73,19.15,19.15,63.77,4.82,9.04
2017,11,23,0,80.35,21,17.46,17.46,74.81,4.08,8.42
2017,11,24,0,84.73,21.55,18.87,18.87,46.25,3.9,9.12
2017,11,25,0,85.2,20.88,18.31,18.31,60.51,4.86,8.81
2017,11,26,0.42,86.27,20.64,18.23,18.23,48.33,5.44,9.22
2017,11,27,0.18,86.88,21.53,19.23,19.23,52.45,5.88,9.33
2017,11,28,0.01,83.22,21.03,18.08,18.08,54.49,5.61,8.71
2017,11,29,0.34,81.32,20.66,17.33,17.33,54.83,6.21,8.88
2017,11,30,9,91.71,20.97,19.53,19.56,67.75,7.5,9.51
2017,12,1,9.36,92.18,21.8,20.48,20.48,80.88,8.91,9.8
2017,12,2,7.51,91.29,19.47,18.03,18.03,72.01,7.06,9.71
2017,12,3,0.05,87.69,20.21,18.1,18.1,87.35,4.9,9.49
2017,12,4,0.01,85.47,21.21,18.67,18.67,112.06,3.86,9.36
2017,12,5,0.01,84.44,21.34,18.62,18.62,110.78,3.3,8.86
2017,12,6,0,83.84,21.7,18.86,18.86,75.31,3.46,9.11
2017,12,7,0,82.31,21,17.86,17.86,48,3.66,8.82
2017,12,8,0,66.86,19.77,13.43,13.43,15.44,3.88,7.65
2017,12,9,0,63.23,19.93,12.65,12.65,38.33,3.4,7.83
2017,12,10,0,70.82,19.66,14.13,14.13,65.36,4.3,8.13
2017,12,11,0,72.4,20.41,15.27,15.27,90.52,2.81,8.29
2017,12,12,0,81.01,21.18,17.75,17.75,129.7,2.27,8.96
2017,12,13,0.05,85.16,20.66,18.08,18.08,92.75,3.22,9.64
2017,12,14,0.01,79.62,20.87,17.23,17.23,74.35,4.28,8.76
2017,12,15,0,82.6,20.37,17.31,17.31,62.89,5.32,8.46
2017,12,16,0,82.35,19.94,16.85,16.85,72.38,6.08,8.6
2017,12,17,0,81.14,18.84,15.56,15.56,71.74,6.66,7.81
2017,12,18,0,81.26,18.36,15.1,15.1,62.67,5.85,7.67
2017,12,19,0,82.46,19.19,16.09,16.09,69.77,5.56,8.01
2017,12,20,0,77.7,18.89,14.92,14.92,60.18,5.79,8.04
2017,12,21,0.01,80.94,18.38,14.91,14.91,57.59,5.93,7.84
2017,12,22,0,78.76,19.7,15.9,15.9,73.77,5.97,7.81
2017,12,23,0,77.13,18.81,14.72,14.72,77.67,5.61,7.99
2017,12,24,0,76.66,18.45,14.26,14.26,75.23,5.15,7.5
2017,12,25,0,78.12,18.84,14.93,14.93,62.71,5.23,8.42
2017,12,26,0,74.15,18.64,13.91,13.91,55.01,5.65,7.38
2017,12,27,0,74.82,18.65,14.09,14.09,65.98,5.3,7.29
2017,12,28,0,72.77,17.51,12.5,12.5,72.25,5.37,7.19
2017,12,29,0,76.46,18.11,13.89,13.89,77.4,5.29,7.42
2017,12,30,0,75.41,18.94,14.49,14.56,69.31,4.78,7.56
2017,12,31,0,70.67,19.57,14.03,14.19,80.8,4.05,7.44
2018,1,1,0,68.29,21.07,14.98,14.98,54.31,2.08,7.79
2018,1,2,0,70.96,21.05,15.56,15.67,110.63,3.03,7.88
2018,1,3,0,70.08,21.13,15.43,15.56,77.3,3.59,8.17
2018,1,4,0,71.13,20.46,15.04,15.15,70.62,4.7,8.1
2018,1,5,0,65.99,18.87,12.35,12.47,69.54,4.57,7.38
2018,1,6,0,62.77,18.22,10.96,11.09,55.14,3.89,7.16
2018,1,7,0,60.85,18.36,10.63,10.76,64.33,3.88,7.25
2018,1,8,0,62.61,18.1,10.71,10.94,74.07,5.25,7.34
2018,1,9,0.05,72.74,19.67,14.52,14.72,74.53,5.14,8.39
2018,1,10,0.04,76.14,21.52,17.14,17.21,80.07,6.02,9.32
2018,1,11,0,75.26,22.5,17.91,17.98,91.09,5.05,9.11
2018,1,12,0,68.19,22.51,16.33,16.46,88.68,5.14,9.17
2018,1,13,0,65.54,21.19,14.31,14.58,94.34,4.72,7.77
2018,1,14,0,62.54,20.91,13.33,13.6,82.95,5,7.48
2018,1,15,0,62.8,21.64,14.07,14.35,80.46,5.34,7.77
2018,1,16,0,66.32,21.72,15.13,15.28,61.22,3.57,8.35
2018,1,17,0,63.45,20.86,13.54,13.76,74.76,4.52,7.86
2018,1,18,0,58.84,19.55,11.1,11.36,74.1,5.24,7.34
2018,1,19,0,60.98,19.05,11.23,11.44,72.17,4.94,7.42
2018,1,20,0,58.96,19.37,10.99,11.23,75.15,4,7.36
2018,1,21,0,58.24,19.49,10.8,11.15,77.4,4.84,7.35
2018,1,22,0,57.64,20.05,11.11,11.52,101.37,3.84,7.49
2018,1,23,0,64.11,21.16,14.1,14.21,129.36,2.59,8.07
2018,1,24,0,64.19,21.9,14.81,14.94,55.27,3.07,8.39
2018,1,25,0,53.64,21.4,11.43,11.66,34.48,4.09,7.83
2018,1,26,0,57.22,20.62,11.73,11.94,79.67,4.24,7.55
2018,1,27,0,60.49,20.79,12.81,12.96,77.64,3.79,7.76
2018,1,28,0,58.11,20.93,12.31,12.48,60.98,4.44,7.8
2018,1,29,0,55.23,20.71,11.24,11.47,70.12,5.62,7.67
2018,1,30,0,54.45,20.66,10.95,11.21,65.86,5.46,7.48
2018,1,31,0,50.17,20.39,9.39,9.7,63.15,5.35,7.21
2018,2,1,0,41.07,20.42,6.36,6.68,72.44,4.91,7.02
2018,2,2,0,39.99,20.68,6.23,6.52,88.19,4.68,7.14
2018,2,3,0,43.96,19.86,6.65,7.2,89.26,5.35,6.96
2018,2,4,0,46.24,19.5,6.71,7.63,83.73,4.85,6.97
2018,2,5,0,45.35,21.3,8.01,8.99,90.77,4.97,7.5
2018,2,6,0.03,57.51,23.25,14.24,14.49,113.09,4.27,8.72
2018,2,7,4.06,76.59,22.41,18.09,18.17,89.4,3.25,9.54
2018,2,8,0.44,60.88,22.95,14.92,15.11,66.69,2.77,-999
2018,2,9,1.58,64.82,23.44,16.4,16.56,126.57,2.22,9.31
2018,2,10,0.02,64.33,22.36,15.17,15.41,123.34,3.88,9
2018,2,11,0,58.8,23.31,14.63,14.9,110.33,5.37,8.68
2018,2,12,0,59.48,22.96,14.46,14.76,107.76,4.67,8.9
2018,2,13,0,59.65,22.22,13.73,14.1,94.44,4.61,8.74
2018,2,14,0,58.61,22.02,13.19,13.63,91.54,5.82,8.36
2018,2,15,0,62.46,20.73,13.13,13.4,74.8,5.7,7.95
2018,2,16,0,49.39,21.95,10.41,10.89,76.96,5.12,7.7
2018,2,17,0,48.37,22.81,10.96,11.36,75.49,4.03,7.77
2018,2,18,0,43.52,23.09,9.28,9.98,97.15,4.58,7.54
2018,2,19,0,44.66,22.74,9.22,10.07,91.28,4.48,7.6
2018,2,20,0,47.48,23.23,11.05,11.46,77.53,5.14,7.88
2018,2,21,0,43.35,22.94,9.26,9.79,83.02,5.94,7.7
2018,2,22,0,38.95,23.46,8.21,8.62,74.09,5.17,7.65
2018,2,23,0,38.76,22.89,7.44,8.03,85.69,5.75,7.48
2018,2,24,0,39.75,22.55,6.83,8.11,94.72,5.32,7.48
2018,2,25,0,42.16,23.42,8.89,9.8,91.91,5.96,7.6
2018,2,26,0,35.7,23.91,6.94,7.72,88.31,4.95,7.58
2018,2,27,0,32.43,24,5.13,6.38,91.85,6.11,7.83
2018,2,28,0,28.55,24.35,4.15,4.86,91.13,6.01,7.65
2018,3,1,0,31.61,24.11,5.36,6.11,92.36,5.83,7.67
2018,3,2,0,28.42,24.61,4.38,5.01,92.25,6.11,7.66
2018,3,3,0,23.68,25.01,1.95,2.79,86.2,4.8,7.49
2018,3,4,0,23.61,25.04,2.26,2.77,102.77,4.99,7.43
2018,3,5,0,24.48,24.79,2.35,3.07,94.85,5.66,7.34
2018,3,6,0,26.42,24.87,3.03,4.21,94.72,5.14,7.45
2018,3,7,0,30.14,25.08,5.23,6.26,100.29,5.37,7.47
2018,3,8,0,29.6,25.45,5.67,6.32,104.46,5.71,8.04
2018,3,9,0,32.66,25.7,7.46,7.98,102.29,5.52,8.11
2018,3,10,0,34.1,26.19,8.85,9.05,91.54,5.64,8.27
2018,3,11,0,36.48,25.88,9.44,9.79,91.76,6.63,8.18
2018,3,12,0,42.26,25.65,11.54,11.85,97.87,6.8,8.51
2018,3,13,0.1,53.78,25.73,15.39,15.75,108.99,6.09,9.32
2018,3,14,0.08,53.61,25.9,15.64,15.86,131.81,4.92,10.07
2018,3,15,3.03,54.59,26.26,16.35,16.48,153.46,2.48,9.84
2018,3,16,2,63.84,25.9,18.51,18.66,130.69,1.25,10.05
2018,3,17,15.79,67.04,24.9,18.34,18.48,75.67,4.01,9.87
2018,3,18,0.29,63.75,25.08,17.72,17.86,108.43,3.78,9.71
2018,3,19,0.01,49.76,25.28,13.47,14.08,106.2,5.21,8.98
2018,3,20,0,42.47,25.87,11.81,12.12,96.01,4.95,8.62
2018,3,21,0,42.96,26.64,12.82,13,145.67,2.53,8.73
2018,3,22,0.03,45,28.03,14.87,15,43.13,2.67,9.29
2018,3,23,0.05,38.49,28.46,12.66,12.92,32.51,4.44,9.05
2018,3,24,0.03,41.9,28.57,14.18,14.35,115.43,5,9.21
2018,3,25,0,39.91,28.02,12.88,13.09,111.53,5.99,8.7
2018,3,26,0,34.14,27.65,10,10.35,99.5,5.77,8.6
2018,3,27,0,32.86,28.04,9.91,10.12,116.53,3.64,8.63
2018,3,28,0,42.52,29.1,14.75,15.07,136.67,3.02,9.04
2018,3,29,0,44.06,28.97,15.44,15.52,162.04,2.41,9.65
2018,3,30,1.17,44.07,29.47,15.9,15.98,162.08,2.86,9.69
2018,3,31,0.27,53.1,27.65,17.15,17.33,164.44,3.39,9.42
2018,4,1,0.03,45.32,28.88,15.6,15.89,132.05,4.23,9.33
2018,4,2,1.15,45.46,28.8,15.7,15.87,133.04,4.57,9.54
2018,4,3,1.55,42.56,29.04,14.73,15.03,107.85,4.25,9.37
2018,4,4,0,39.34,29.01,13.38,13.75,101.35,5.16,8.94
2018,4,5,0,43.62,27.87,14.03,14.36,125.51,5.68,8.91
2018,4,6,0,41.61,27.52,13,13.3,124.57,4.79,8.92
2018,4,7,0,40.17,28.31,13.18,13.45,117.03,5.35,9.12
2018,4,8,0.01,44.89,27.84,14.41,14.79,111.47,6.02,8.93
2018,4,9,0.05,46.11,27.67,14.8,15.07,109.36,5.4,8.95
2018,4,10,0.01,44.62,28.01,14.41,14.85,113.43,5.25,8.94
2018,4,11,0.08,45.94,28.54,15.44,15.8,110.78,3.85,9.49
2018,4,12,0,45.58,29.32,16.11,16.38,112.45,4.47,9.82
2018,4,13,0.01,46.32,29.18,16.32,16.52,124.66,5.08,9.52
2018,4,14,0.2,43.65,29.94,15.93,16.25,118.12,4.91,9.62
2018,4,15,0.11,48.39,29.67,17.46,17.68,136.73,5.14,9.97
2018,4,16,1.94,45.54,30.12,16.9,17.11,117.07,4.49,10.14
2018,4,17,0.01,41.81,30.3,15.6,15.88,112.84,5.09,9.5
2018,4,18,0,37.18,30.79,14.4,14.45,119.01,4.82,9.9
2018,4,19,0.2,41.75,30.38,15.85,15.93,160.98,3.09,10.03
2018,4,20,4.38,46.29,29.35,16.56,16.67,80.37,3.46,10.21
2018,4,21,3.04,53.24,28.78,18.26,18.42,139.3,3.21,10.11
2018,4,22,4.75,49.69,29.6,17.87,18.06,113.33,4.17,9.95
2018,4,23,0.5,48.96,29.88,17.85,18.07,101.6,3.21,9.88
2018,4,24,1.01,44.71,29.68,16.22,16.41,119.88,3.55,9.96
2018,4,25,2.53,49.64,29.25,17.49,17.72,124.71,3.61,9.72
2018,4,26,0.91,48.82,29.35,17.37,17.53,140.4,3.99,9.86
2018,4,27,0.26,48.25,29.07,16.79,17.09,120.64,5.18,9.58
2018,4,28,0,47.06,29.33,16.6,16.92,124.36,5.49,9.38
2018,4,29,0,41.53,30.69,15.95,16.12,147.94,3.43,9.83
2018,4,30,5.11,50.56,29.73,18.31,18.46,226.31,3.59,10.11
2018,5,1,8.88,59.57,28.64,19.87,20.13,245.16,3.74,10.19
2018,5,2,0.67,60.62,28.41,19.92,20.21,244.38,3.25,10.23
2018,5,3,16.31,60.68,28.3,19.84,20.11,142.88,3.82,10.14
2018,5,4,6.92,64.41,26.93,19.5,19.78,125.6,4.32,9.93
2018,5,5,0.11,59.85,27.19,18.68,18.85,123.87,4.73,9.72
2018,5,6,0.3,57.6,27.83,18.62,18.82,138.13,4.65,9.48
2018,5,7,0.2,57.93,28.21,19.07,19.27,166.25,4.68,9.92
2018,5,8,4.09,65.54,26.74,19.69,19.88,255.53,3.91,10.21
2018,5,9,2.76,69.31,25.56,19.49,19.65,194.37,3.98,10.28
2018,5,10,12.97,67.32,26.04,19.44,19.64,200.02,2.79,10.12
2018,5,11,15.63,72.31,25.99,20.6,20.73,200.58,3.11,9.97
2018,5,12,1.08,69.06,26.46,20.29,20.45,283.22,2.56,9.92
2018,5,13,10.02,66.61,26.85,20.06,20.25,298.68,2.55,10.09
2018,5,14,2.85,74.06,24.95,19.99,20.1,332.25,3.13,9.9
2018,5,15,3.34,61.11,25.53,17.32,17.61,128.23,3.96,9.82
2018,5,16,2.86,58.89,26.45,17.67,17.88,152.65,2.67,9.87
2018,5,17,3.68,62.9,26.91,19.18,19.38,169.31,3.01,9.81
2018,5,18,4.45,68.34,26.37,20.03,20.19,328.6,4.25,10.27
2018,5,19,6.73,62.63,27.5,19.65,19.87,333.11,2.55,10
2018,5,20,4.85,66.92,27.08,20.39,20.55,355.77,3.19,9.95
2018,5,21,6.64,65.5,27.1,20.03,20.22,328.62,2.28,10
2018,5,22,2.26,65.74,26.86,19.85,20.04,0.5,3.06,10.28
2018,5,23,3.7,61.11,27.75,19.49,19.71,80.12,2.58,10.04
2018,5,24,3.02,66.66,27.18,20.4,20.57,351.76,3.68,10.17
2018,5,25,19.78,74.86,25.9,21.1,21.2,358.5,3.81,10.28
2018,5,26,2.42,71.64,26.03,20.49,20.62,121.64,4.08,10.08
2018,5,27,2.45,73.17,25.85,20.68,20.78,135.52,4.79,10.15
2018,5,28,0.08,73.59,25.93,20.84,20.95,141.93,3.21,10.13
2018,5,29,0.31,69.28,26.43,20.33,20.47,273.05,5.7,10.26
2018,5,30,8.13,75.95,26.27,21.69,21.78,294.1,4.46,10.24
2018,5,31,1.2,76.14,26.49,21.95,22.04,263.71,3.46,10.25
2018,6,1,8.6,78.2,25.69,21.61,21.68,283.04,2.75,10.18
2018,6,2,5.67,71.17,25.98,20.3,20.47,325.02,1.87,10.17
2018,6,3,4.64,83.47,24.29,21.32,21.34,291.07,3.65,10.19
2018,6,4,2.02,81.97,24.22,20.95,20.99,268.16,4.24,10.12
2018,6,5,0.86,70.87,25.33,19.64,19.78,259.99,5.59,10.07
2018,6,6,2.79,67.23,25.46,18.87,19.07,260.41,6.7,10.04
2018,6,7,4.1,76.14,24.25,19.79,19.86,257.85,8.7,10.01
2018,6,8,0.67,74.92,24.03,19.3,19.4,257.8,10.35,10.08
2018,6,9,1.19,74.15,23.97,19.1,19.18,270.14,11.66,10.01
2018,6,10,0.75,74.88,24.82,20.04,20.15,268.55,10.42,9.98
2018,6,11,0.45,76.83,25.2,20.85,20.92,266.33,9.9,9.99
2018,6,12,0.04,76.05,25.19,20.68,20.75,262.11,9.25,9.97
2018,6,13,0.49,74.63,25.33,20.51,20.59,263.23,8.98,9.82
2018,6,14,1.12,64.64,25.11,17.81,18.11,267.21,7.64,9.91
2018,6,15,2.48,63.14,25.15,17.57,17.77,271.83,6.92,9.5
2018,6,16,3.99,57.6,24.38,15.2,15.58,273.52,7.75,9.48
2018,6,17,1.31,61.99,24.13,16.37,16.51,268.63,8.07,9.57
2018,6,18,1.67,65.32,24.05,17.06,17.26,262.3,8.26,9.56
2018,6,19,0.07,72.24,24.73,19.39,19.5,253.33,8.49,9.65
2018,6,20,0.01,74.47,24.67,19.82,19.92,245.85,7.93,10.02
2018,6,21,0.5,72.13,24.72,19.37,19.47,255.13,7.16,10.11
2018,6,22,0.11,70.55,24.14,18.46,18.56,267.08,7.24,9.76
2018,6,23,4.33,72.13,24.22,18.87,18.98,268.01,6.65,9.99
2018,6,24,0.6,66.8,24.22,17.64,17.78,271.37,7.55,9.85
2018,6,25,0.12,64.15,23.98,16.76,16.9,270.94,7.78,9.71
2018,6,26,1.19,68.21,24.18,17.95,18.07,271.11,8.84,9.88
2018,6,27,5.66,73.13,24.36,19.22,19.33,263.29,8.49,9.86
2018,6,28,0.28,73.67,24.07,19.07,19.17,258.18,7.58,10.34
2018,6,29,0.11,69.77,24.23,18.32,18.47,269.05,5.81,9.66
2018,6,30,0.46,62.83,24.5,16.84,17.07,278.76,5.22,9.54
2018,7,1,7.14,65.74,24.86,17.96,18.14,281.11,4.21,9.72
2018,7,2,20,70.45,24.36,18.61,18.75,273.53,6.15,9.93
2018,7,3,4.42,74.19,23.5,18.62,18.73,275.82,6.15,9.75
2018,7,4,0.02,68.44,24.73,18.52,18.65,276.94,7.35,9.53
2018,7,5,0,65.54,24.89,17.96,18.11,273.84,8.23,9.35
2018,7,6,0.31,72.42,24.23,18.96,19.05,280.36,8.02,9.84
2018,7,7,0.07,75.12,23.72,19.04,19.14,275.19,7.4,10.29
2018,7,8,0.38,71.86,24.18,18.75,18.88,278.2,8.71,10.23
2018,7,9,1.64,72.04,24.41,19.02,19.15,269.7,8.26,9.93
2018,7,10,7.33,72.5,23.72,18.42,18.58,265.64,8.19,9.95
2018,7,11,5.51,77.55,23.49,19.35,19.41,261.04,9.71,10.03
2018,7,12,0.28,71.38,24.44,18.93,19.03,266.23,10.88,9.78
2018,7,13,1.31,76.39,23.52,19.13,19.2,264.39,9.49,9.85
2018,7,14,0.42,75.99,24.03,19.55,19.62,266.28,9.62,9.95
2018,7,15,0.05,70.49,24.76,19.03,19.14,270.66,10.68,10.02
2018,7,16,0.44,73.72,23.62,18.66,18.75,267.9,11.15,9.86
2018,7,17,0.06,69.06,24.51,18.48,18.58,269.49,11.49,9.8
2018,7,18,0.01,71.5,24.39,18.9,19.01,267.33,9.36,10.12
2018,7,19,0.69,72.42,24.91,19.61,19.71,264.15,8.93,10.09
2018,7,20,0.28,72.23,24.6,19.27,19.37,265.24,9.99,10.21
2018,7,21,0.04,72.62,24.42,19.19,19.28,265.53,9.66,9.91
2018,7,22,0.02,66.57,25.34,18.67,18.79,274.33,9.46,9.84
2018,7,23,5.3,69.84,25.09,19.2,19.31,268.62,8.74,10
2018,7,24,1.92,72.2,24.78,19.45,19.54,271.59,8.34,10.14
2018,7,25,0.63,71.1,25.04,19.43,19.54,277,7.79,10.17
2018,7,26,0.57,69.04,25.32,19.24,19.35,272.85,7.52,9.94
2018,7,27,0.16,68.82,25.12,19.01,19.11,273.47,7.83,9.66
2018,7,28,2.09,70.04,25.1,19.25,19.37,271.5,7.16,10.01
2018,7,29,0.58,71.49,24.96,19.45,19.55,279.58,7.03,9.98
2018,7,30,1.08,71.44,24.98,19.46,19.56,279.74,6.9,9.72
2018,7,31,2.37,76.35,23.96,19.56,19.62,265.27,7.83,9.78
2018,8,1,4.64,72.95,24.23,19.09,19.17,271.6,7.86,9.57
2018,8,2,0.64,69.17,24.79,18.76,18.88,278.84,7.23,9.76
2018,8,3,0.54,68.96,24.12,18.07,18.18,280.67,7.88,9.8
2018,8,4,0.04,70.47,24.02,18.33,18.43,285.75,7.91,9.83
2018,8,5,0.04,67.65,24.72,18.33,18.45,282.88,8.25,9.93
2018,8,6,3.76,67.18,24.67,18.18,18.3,276.85,9.54,9.64
2018,8,7,0.91,71.03,23.66,18.1,18.2,272.25,9.7,9.67
2018,8,8,2.22,72.35,24.07,18.79,18.89,269.86,8.93,9.86
2018,8,9,0.5,69.01,24.43,18.36,18.49,272.61,8.72,9.81
2018,8,10,1.32,73.48,23.67,18.66,18.75,279.96,7.92,9.74
2018,8,11,1.11,71.57,24,18.55,18.65,275.68,9.92,9.79
2018,8,12,1.75,75.31,22.91,18.32,18.39,272.83,9.72,10.07
2018,8,13,0.63,67.32,23.81,17.41,17.51,272.72,10.85,9.83
2018,8,14,5.26,77.45,23.51,19.32,19.41,272.33,9.96,10.01
2018,8,15,7.65,81.86,23.75,20.47,20.5,265.76,8.85,9.92
2018,8,16,0.38,73.95,24.12,19.19,19.28,272.85,11.23,10.08
2018,8,17,0.04,68.74,25,18.87,18.97,274.31,11.32,10.12
2018,8,18,0.12,67.86,24.83,18.5,18.61,275.51,10.05,9.9
2018,8,19,0.01,65.62,25.17,18.29,18.4,284.86,9.58,9.78
2018,8,20,0.06,66.76,24.59,18.01,18.12,279.93,9.86,9.56
2018,8,21,0.16,64.41,25.21,18.03,18.14,271.74,8.78,9.7
2018,8,22,0.04,64.6,24.81,17.67,17.81,280.04,7.86,9.78
2018,8,23,0.9,67.2,25.17,18.65,18.78,287.11,7.24,9.89
2018,8,24,8,71.2,24.51,18.93,19.06,294.5,6.99,9.65
2018,8,25,1.65,71.54,24.43,18.94,19.05,297.95,6.25,9.88
2018,8,26,2.31,67.98,24.75,18.43,18.56,292.94,6.94,9.92
2018,8,27,0.97,68.81,24.5,18.41,18.52,289.16,7.76,9.99
2018,8,28,2.3,70.04,24.14,18.34,18.45,277.42,7.2,9.88
2018,8,29,0.78,67.89,24.71,18.38,18.5,280.87,6.99,9.75
2018,8,30,7.44,68.46,25.21,18.97,19.11,290.92,6.53,10.04
2018,8,31,1.64,68.14,25.03,18.71,18.86,291.3,6.59,9.93
2018,9,1,0.16,69.8,24.51,18.6,18.75,284.73,4.88,9.71
2018,9,2,0,63.11,25.56,17.99,18.15,298.85,5.71,9.64
2018,9,3,0,64,24.18,16.9,17.06,302.61,5.4,9.17
2018,9,4,0.14,60.28,25.68,17.33,17.53,301.26,5.02,8.95
2018,9,5,0.05,63.42,24.74,17.29,17.45,293.72,6.16,9.25
2018,9,6,0,59.47,25.3,16.78,16.96,289.73,7.03,9.48
2018,9,7,0,59.97,25.18,16.85,16.98,285.91,7.21,9.43
2018,9,8,0,59.64,25.63,17.17,17.31,287.58,6.28,9.25
2018,9,9,4.09,61.93,26.18,18.23,18.44,281.04,2.56,9.42
2018,9,10,2.42,67.92,25.41,19,19.18,336.55,2.56,10
2018,9,11,1.07,65,26.55,19.38,19.56,216.59,2.54,9.88
2018,9,12,8.23,71.21,25.1,19.47,19.63,300.65,3.65,9.9
2018,9,13,3.72,61.37,26.41,18.28,18.51,320.22,2.69,9.89
2018,9,14,11.2,62.55,26.18,18.37,18.6,316.09,1.63,9.77
2018,9,15,14.57,72.91,24.81,19.59,19.72,291.12,3.01,9.87
2018,9,16,16.11,79.02,24.13,20.26,20.33,310.13,3.64,9.87
2018,9,17,7.44,76.91,23.85,19.55,19.63,287.44,5.77,9.69
2018,9,18,1.74,71.3,24.44,18.89,19.02,299.68,6.03,9.68
2018,9,19,0.03,67.47,23.79,17.36,17.52,293.5,7.2,9.45
2018,9,20,4.96,70.29,24,18.24,18.37,315.39,5.32,9.49
2018,9,21,1.97,74.94,23.92,19.2,19.29,277.01,5.37,9.52
2018,9,22,1.51,61.43,24.95,16.9,17.14,264.27,3.47,9.29
2018,9,23,9.27,73.59,25.01,19.93,20.06,125.37,2.07,9.98
2018,9,24,9.66,80.31,23.99,20.4,20.44,122.91,2.55,9.87
2018,9,25,1.95,74.85,24.76,19.98,20.08,91.42,2.16,9.78
2018,9,26,9.48,76.84,24.73,20.39,20.47,94.18,3.57,9.74
2018,9,27,3.74,72.95,24.99,19.79,19.91,111.77,3.58,9.67
2018,9,28,2.64,76.62,24.69,20.31,20.38,107.23,3.91,9.83
2018,9,29,0.72,73.25,25.13,20.01,20.11,97.41,4.52,9.82
2018,9,30,0.7,70.19,25.71,19.86,19.99,88.45,4.49,9.59
2018,10,1,0.5,71,25.41,19.76,19.88,99.49,5.18,9.47
2018,10,2,0.08,71.11,25.18,19.57,19.69,99.36,4.58,9.63
2018,10,3,7.3,74.39,24.46,19.59,19.7,109.3,4.29,9.66
2018,10,4,8.91,79.11,23.43,19.58,19.66,86.09,5.48,9.84
2018,10,5,8.51,83.35,22.96,19.99,20.02,96.94,6,9.89
2018,10,6,6.38,83.88,23.1,20.24,20.25,93.37,5.63,9.92
2018,10,7,0.27,76.42,24.07,19.66,19.75,95.43,4.42,9.34
2018,10,8,6.4,71.64,24.19,18.65,18.85,84.83,3.43,9.71
2018,10,9,5.07,73.8,23.59,18.63,18.73,351.44,2.99,9.47
2018,10,10,0.01,62.11,23.58,15.81,16.02,349.39,4.76,8.94
2018,10,11,0,50.2,24.25,13.18,13.27,325.9,3.99,8.79
2018,10,12,0,61.18,24.79,16.74,16.93,331.15,3.65,8.87
2018,10,13,1.53,60.48,25.3,16.96,17.22,157.91,2.09,9.27
2018,10,14,8.59,74.48,24.78,19.92,20.03,181.55,1.84,9.89
2018,10,15,2.49,78.88,24.29,20.39,20.45,107.95,2.73,9.92
2018,10,16,4.06,80.28,23.68,20.09,20.14,125.45,3.38,9.84
2018,10,17,15.58,83.05,22.69,19.67,19.7,160.11,2.93,9.71
2018,10,18,1.72,79.5,22.56,18.84,18.89,58.87,2.25,9.53
2018,10,19,0.28,76.88,23.37,19.09,19.16,102.45,3.1,9.53
2018,10,20,0.05,64.77,23.17,15.9,16.29,77.83,4.01,9.13
2018,10,21,0.14,68.96,23.57,17.43,17.65,76.61,4.26,9.5
2018,10,22,0.02,59.85,22.98,14.51,14.86,74.92,4.95,8.78
2018,10,23,0,58.79,22.92,14.35,14.53,77.31,4.78,8.3
2018,10,24,0,61.32,22.7,14.78,14.99,84.05,5.18,8.16
2018,10,25,0,63.23,22.83,15.35,15.59,84.52,6.02,8.24
2018,10,26,0,65.75,23.24,16.43,16.59,72.66,6.17,8.49
2018,10,27,0,60.19,22.95,14.64,14.93,66.84,5.91,8.32
2018,10,28,0,57.46,22.43,13.46,13.7,42.89,6.4,8.23
2018,10,29,0,46.66,22.35,10.25,10.38,13.82,5.19,8.07
2018,10,30,0,53.24,23.05,12.83,13.09,28.53,4.97,8.18
2018,10,31,0.09,67.75,24.36,17.94,18.13,52.77,5.28,9
2018,11,1,0.26,72.24,24.3,18.97,19.09,65.8,5.01,9.55
2018,11,2,2.22,79.47,23.01,19.27,19.32,87.64,5.16,9.76
2018,11,3,1.55,77.77,23.39,19.29,19.36,92.89,5.77,9.73
2018,11,4,0.33,70.84,24.08,18.37,18.56,90.54,5.76,9.4
2018,11,5,0.02,65.03,24.43,17.32,17.55,92.91,6,9.04
2018,11,6,0,66.88,23.28,16.69,16.89,77.38,4.95,8.98
2018,11,7,0,54.93,22.95,12.96,13.49,72.12,5.58,8.32
2018,11,8,0.01,59.63,22.77,14.18,14.61,73.47,5.25,9.34
2018,11,9,0,59.94,23.5,15.04,15.38,79.9,5.44,8.64
2018,11,10,0,58.36,23.23,14.4,14.7,69.26,4.62,8.2
2018,11,11,0,57.75,23.02,14.06,14.34,51.58,4.11,8.2
2018,11,12,0,51.19,22.72,11.95,12.16,26.46,4.01,8.05
2018,11,13,0,40.16,22.47,8.06,8.2,10.16,3.53,7.6
2018,11,14,0,36.38,22.59,6.58,6.83,32.44,3.56,7.37
2018,11,15,1.52,63.12,22.64,14.91,15.38,33.54,6.2,8.64
2018,11,16,1.71,80.31,22.95,19.34,19.43,70.61,7.07,9.84
2018,11,17,0.09,70.71,24.32,18.64,18.77,125.14,4.49,9.37
2018,11,18,0.56,70.56,24.75,19,19.15,114.03,4.31,9.83
2018,11,19,0.07,64.01,25.21,17.81,18.05,94.88,5.06,9.69
2018,11,20,0.08,67.03,23.87,17.29,17.49,60.05,5.78,9
2018,11,21,2.32,77.4,21.8,17.67,17.74,41.75,6.68,9.52
2018,11,22,5.58,81.77,21.84,18.59,18.62,59.13,6.98,10.01
2018,11,23,10.5,80.98,22.93,19.48,19.54,91.62,5.56,10.08
2018,11,24,0.48,67.79,23.68,17.25,17.49,79.95,4.91,9.55
2018,11,25,0,64.88,23.74,16.61,16.86,72.17,4.14,9.19
2018,11,26,0,61.28,22.41,14.35,14.7,78.23,4.82,8.31
2018,11,27,0,61.03,20.58,12.56,12.91,85.26,4.97,7.61
2018,11,28,0.01,66.14,21.19,14.51,14.73,87.19,5.37,7.9
2018,11,29,0.66,72.17,22.51,17.23,17.35,81.32,5.22,9.29
2018,11,30,0.04,65,23.02,16.02,16.2,76.62,4.63,9.17
2018,12,1,0,61.02,22.29,14.24,14.52,73.78,4.55,8.53
2018,12,2,0,62.58,21.97,14.35,14.61,87.27,4.79,7.92
2018,12,3,0,63.67,22.86,15.52,15.72,89.57,5.24,8.71
2018,12,4,2.46,82.27,21.82,18.63,18.69,83.16,4.5,9.62
2018,12,5,0.58,74.24,23.7,18.8,18.93,93.06,3.06,9.52
2018,12,6,0.06,65.28,24.37,17.3,17.56,94.22,4.55,9.41
2018,12,7,0,63.75,23.82,16.37,16.66,93.98,5.27,8.82
2018,12,8,0,65.99,23.54,16.77,16.94,87.78,5.61,8.71
2018,12,9,0,60.54,23.33,15.09,15.37,85.57,5.2,8.21
2018,12,10,0,60.94,23.58,15.51,15.72,93.82,3.39,8.38
2018,12,11,0,57.81,23.48,14.57,14.79,84.11,3.42,8.46
2018,12,12,0,58.18,23.77,14.93,15.16,101.76,2.87,8.51
2018,12,13,0,58.93,23.67,15.1,15.28,96.88,3.46,8.79
2018,12,14,0,55.57,23.15,13.64,13.86,71.28,5.19,8.37
2018,12,15,0,59.53,22.43,14.03,14.27,47.04,6.81,8.29
2018,12,16,0,58.53,21.19,12.61,12.83,13.11,6.48,9.28
2018,12,17,0,46.47,21.93,9.76,9.94,332.37,5.5,8.75
2018,12,18,0,40.45,21.77,7.6,7.67,12.08,4.23,7.62
2018,12,19,0,62.07,19.74,12.21,12.37,63.86,3.76,8.41
2018,12,20,0,57.08,21.84,12.88,13.05,82.99,4.25,8.34
2018,12,21,0,57.69,23.6,14.67,14.87,77.63,3.8,8.72
2018,12,22,0.03,60.26,23.6,15.38,15.56,68.78,5.06,8.99
2018,12,23,0.05,63.54,24.23,16.86,17,84.21,5.4,9.63
2018,12,24,0.01,58.24,24.49,15.7,15.86,87.73,4.8,9.28
2018,12,25,0,53.35,24.17,13.92,14.16,88.92,4.39,8.6
2018,12,26,0,50.86,23.9,12.82,13.16,97.13,3.45,8.23
2018,12,27,0,50.95,24.32,13.35,13.58,79.13,2.85,8.79
2018,12,28,0.94,58.7,23.37,14.7,14.93,95.67,3.45,8.93
2018,12,29,0.57,54.92,22.99,12.87,13.52,82.4,5.32,9.05
2018,12,30,0,54.22,21.44,11.56,11.88,76.87,5.66,8.27
2018,12,31,0,50.91,21.28,10.18,10.75,68.1,5.35,7.49
2019,1,1,0,41.61,19.53,5.22,6.07,75.76,5.5,6.95
2019,1,2,0,45.05,19.35,6.49,7.1,75.58,5.98,6.88
2019,1,3,0,44.77,19.91,6.81,7.52,78.29,5.84,6.97
2019,1,4,0,47.49,19.59,7.7,8.12,81.88,6.63,6.96
2019,1,5,0,48.21,19.94,8.14,8.67,87.35,5.27,7.16
2019,1,6,0,46.17,20.97,7.81,8.96,88.28,4.76,7.42
2019,1,7,0,46.41,21.21,8.44,9.25,77.59,5.01,7.33
2019,1,8,0,40.76,21.43,6.84,7.48,69.6,4.93,7.33
2019,1,9,0,39,21.28,5.77,6.69,85.16,4.98,7.23
2019,1,10,0,44,21.35,7.61,8.56,85.51,5.03,7.26
2019,1,11,0,44.94,21.65,8,9.16,90.98,4.37,7.33
2019,1,12,0,47.89,21.57,9.61,10.07,85.25,4.91,7.61
2019,1,13,0,40.42,21.46,6.16,7.38,77.3,4.71,7.25
2019,1,14,0,41.82,21.43,6.88,7.87,70.95,4.87,7.37
2019,1,15,0,34.88,21.02,3.42,4.82,69.81,5.85,7.73
2019,1,16,0,44.01,21.21,7.74,8.44,76.74,5.69,7.37
2019,1,17,0,49.67,21.85,10.43,10.89,81.25,5.35,7.46
2019,1,18,0,48.76,21.56,9.9,10.34,80.13,5.6,7.54
2019,1,19,0,42.1,21.31,6.86,7.86,83.84,5.59,7.19
2019,1,20,0,39.35,21.04,5.49,6.61,82.93,5.54,7.47
2019,1,21,0,39.4,21.07,5.15,6.65,98.37,5.27,7.41
2019,1,22,0,41.11,21.69,6.4,7.85,105.54,3.54,7.51
2019,1,23,0,48.36,22.93,10.9,11.47,107.36,3.56,7.98
2019,1,24,0,49.04,23.65,11.93,12.35,129.39,3.95,8.27
2019,1,25,0,54.34,24.27,14.32,14.55,145.8,4.84,8.56
2019,1,26,0,56.61,24.98,15.6,15.87,138.81,4.36,9.16
2019,1,27,0.41,60.82,24.19,16.09,16.27,124.41,4.2,9.24
2019,1,28,4.36,61.28,23.44,15.5,15.68,103.72,3.51,9.39
2019,1,29,1.2,61.49,22.19,14.41,14.54,69.59,4.87,8.91
2019,1,30,0,53.78,22.3,12.32,12.55,76.04,5.07,8.13
2019,1,31,0,48.83,21.77,10.21,10.55,92.1,5.46,8.02
2019,2,1,0,52.27,22.24,11.76,12.04,96.91,4.77,7.99
2019,2,2,0,49.42,23.31,11.88,12.16,78.62,4.21,8.43
2019,2,3,0,49.88,23.98,12.67,12.93,90.74,4.58,8.32
2019,2,4,0,49.99,24.58,13.34,13.52,85.03,5.72,8.64
2019,2,5,0,51.72,23.82,13.17,13.35,87.38,5.4,8.98
2019,2,6,0,43.29,24.51,10.94,11.19,103.75,4.66,8.74
2019,2,7,0,47.23,25.23,13.05,13.21,139.73,4.58,9.07
2019,2,8,0,46.75,26.24,13.81,13.98,148.34,3.78,9.12
2019,2,9,5.03,54.02,26.34,16.2,16.39,117.66,3.2,9.7
2019,2,10,11.86,72.37,23.84,18.56,18.67,106.95,4.32,9.6
2019,2,11,0.03,64.33,24.1,16.91,17.07,93.8,6.48,9.08
2019,2,12,0,55.96,23.43,13.98,14.23,90.86,7,8.21
2019,2,13,0,52.76,23.24,12.88,13.12,80.52,6.07,8.13
2019,2,14,0,54.68,24.03,14.28,14.42,104.31,5.77,8.51
2019,2,15,0,54.31,25.3,15.34,15.51,119.25,3.36,8.96
2019,2,16,0,50.64,26.44,15.21,15.44,102.82,3.31,9.25
2019,2,17,0,47.3,26.62,14.17,14.51,277.28,3.75,8.99
2019,2,18,0,41.43,26.74,11.99,12.52,85.64,2.41,8.78
2019,2,19,0.05,51.83,27.37,16.42,16.67,120.43,5.44,9.33
2019,2,20,0.05,48.42,26.3,14.21,14.6,106.95,6.35,8.66
2019,2,21,0,45.08,24.95,11.7,12.23,93.99,6.6,8.11
2019,2,22,0,33.58,24.26,6.31,7.12,91.75,6.65,7.55
2019,2,23,0,26.49,25.06,3.98,4.41,101.77,6.23,7.44
2019,2,24,0,29.85,25.35,5.96,6.36,109.38,5.92,7.65
2019,2,25,0,28.02,25.39,4.24,5.48,128.33,4.74,7.59
2019,2,26,0,35.15,26.34,9.29,9.64,173.04,3.26,8.32
2019,2,27,0,42.45,28.23,13.84,14.25,165.92,3.66,9.01
2019,2,28,0.01,41.48,27.84,13.08,13.54,78.7,3.03,8.84
2019,3,1,0.06,46.76,28.38,15.63,15.95,125.1,4.44,9.2
2019,3,2,0.31,48.8,27.73,15.78,16.04,116.57,5.42,9.47
2019,3,3,0,46.92,27.55,15.08,15.24,112.47,3.67,9.39
2019,3,4,0,41.41,28.62,14.03,14.22,141.12,3.61,9.47
2019,3,5,0,35.13,30.3,13.13,13.13,174.46,2.6,9.57
2019,3,6,0,28.77,30.86,10.46,10.58,1.36,2.71,9.2
2019,3,7,0,27.76,31.02,9.42,10.19,114.7,2.26,8.9
2019,3,8,0,36,30.2,12.99,13.43,122.62,3.59,9
2019,3,9,0.03,43.08,29.49,15.39,15.63,113.91,4.58,9.46
2019,3,10,0,41.07,29.62,14.69,14.98,126.83,4.49,9.44
2019,3,11,0,36.39,28.85,12.02,12.39,134.93,5.6,8.92
2019,3,12,0,33.22,27.51,9.59,9.82,134.42,5.56,8.44
2019,3,13,0,28.51,27.05,7.11,7.17,122.24,6.25,8.42
2019,3,14,0,28.1,27.12,7.03,7.01,130.77,6.72,8.55
2019,3,15,0,27.49,27.22,6.66,6.79,119.6,6.16,8.48
2019,3,16,0,33.42,26.55,8.91,9.07,107.3,5.96,8.19
2019,3,17,0,33.72,26.32,8.45,9,107.75,4.94,8.1
2019,3,18,0,42.06,27.33,12.83,13.3,117.72,4.41,8.67
2019,3,19,0,40.78,28.52,13.61,13.88,134.93,4.28,9.14
2019,3,20,0,40.37,28.56,13.6,13.75,147.47,5.48,9.21
2019,3,21,0,34.77,28.08,10.58,11.01,140.28,4.45,8.78
2019,3,22,0,36.07,28.52,11.77,11.96,134.67,4.12,8.83
2019,3,23,0,37.15,29.59,13.02,13.37,129.42,3.85,9.22
2019,3,24,0,30.16,30.14,10.44,10.67,115.24,4.91,9.17
2019,3,25,0,32.27,29.2,10.65,10.86,116.03,5.48,8.81
2019,3,26,0,33.12,28.7,10.58,10.82,117.51,5.49,8.7
2019,3,27,0,28.21,28.73,7.94,8.46,108.28,5.38,8.52
2019,3,28,0,28.9,29.12,8.64,9.15,104.07,5.46,8.54
2019,3,29,0,23.99,30.1,7.21,7.27,125.63,4.29,8.85
2019,3,30,0,26.86,29.84,8.52,8.68,135.17,5.21,8.91
2019,3,31,0,27.14,30.21,8.92,9.16,143.91,4.57,8.88
2019,4,1,0,27.64,30.37,9.4,9.56,128.32,5.18,8.96
2019,4,2,0,31.7,30.13,11.2,11.41,135.5,4.92,9.31
2019,4,3,0.01,34.66,29.77,12.35,12.46,134.27,5.95,9.13
2019,4,4,0,33.49,28.7,10.72,10.98,133.72,5.83,8.66
2019,4,5,0,35.36,29.48,12.12,12.51,127.29,5.15,9.12
2019,4,6,0,29.61,29.57,9.41,9.89,115.76,5.35,9.06
2019,4,7,0,31.86,29.64,10.78,11.06,128.15,5.07,9.16
2019,4,8,0.63,39.37,30.02,14.39,14.67,135.89,4.62,9.61
2019,4,9,1.68,41.85,30.4,15.78,15.99,121.88,4.23,10.09
2019,4,10,0.17,37.26,30.76,14.11,14.46,119.42,5.65,9.66
2019,4,11,0.07,36.84,29.69,13.12,13.33,132.71,4.27,9.49
2019,4,12,0,29.71,30.64,10.69,10.87,125.59,4.81,9.28
2019,4,13,0,31.54,29.89,10.84,11.12,126.92,5.38,9.14
2019,4,14,0,26.14,29.98,8.26,8.41,119.87,6,8.87
2019,4,15,0,23.74,29.43,6.32,6.56,138.51,4.79,8.64
2019,4,16,0,33.88,30.42,12.53,12.67,147.93,4.46,9.14
2019,4,17,3.9,42.95,30.06,15.98,16.1,155.41,2.85,10.16
2019,4,18,5.59,45.32,30.04,16.87,16.95,100.13,3.62,10.19
2019,4,19,3.59,48.84,29.53,17.38,17.71,145.22,2.94,10.1
2019,4,20,4.34,61.88,27.4,19.41,19.58,148.7,2.87,10.13
2019,4,21,0.97,55.55,28.34,18.47,18.71,144.02,2.62,9.98
2019,4,22,4.15,53.67,28.62,18.19,18.41,93.9,3.87,9.93
2019,4,23,3.39,55.74,27.15,17.3,17.65,89.2,4.26,9.6
2019,4,24,0,42.11,28.66,14.19,14.51,110.24,4.84,9.56
2019,4,25,0,38.74,28.58,12.81,13.13,114.46,4.55,9.35
2019,4,26,0,40.69,29.58,14.58,14.8,113.45,5.65,9.56
2019,4,27,0.01,39.18,30.14,14.58,14.69,108,4.99,9.52
2019,4,28,0,42.51,29.59,15.2,15.5,133.77,4.61,10.46
2019,4,29,0.01,43.17,29.92,15.93,16.05,148.84,3.74,9.86
2019,4,30,16.85,51.99,29.57,18.52,18.77,307.56,4.53,10.08
2019,5,1,23.6,63.16,27.15,19.39,19.68,282.68,5.92,9.99
2019,5,2,0,49.37,28.34,16.49,16.78,286.55,6.93,9.72
2019,5,3,0,49.79,28.61,16.88,17.18,263.8,5.66,9.52
2019,5,4,0,49.91,28.35,16.69,16.97,292.41,4.06,9.7
2019,5,5,0.67,50.19,29.57,17.87,18.19,84.33,2.75,9.85
2019,5,6,0.6,52.76,29.91,19.05,19.32,129.59,2.53,10.07
2019,5,7,10.5,57.92,28.55,19.37,19.59,261.32,4.29,10.39
2019,5,8,5.08,71.5,26.01,20.41,20.57,258.66,5.98,10.23
2019,5,9,2.79,56.97,28.34,18.88,19.12,296.24,4.5,9.81
2019,5,10,0.4,51.98,29.47,18.41,18.67,323.03,4.24,9.84
2019,5,11,0.54,54.46,29.25,19.01,19.24,221.17,2.59,9.99
2019,5,12,1.58,54.92,29.35,19.24,19.47,223.46,2.18,10.09
2019,5,13,1.23,56.45,29.23,19.55,19.81,283.69,2.03,10.01
2019,5,14,3.27,56.18,28.8,19.12,19.32,308.69,3.83,10.05
2019,5,15,4.95,63.07,28.19,20.4,20.64,90.76,3.06,10.08
2019,5,16,1.97,56.22,29.12,19.33,19.64,43.96,3.04,9.79
2019,5,17,7.76,63.31,27.86,20.21,20.39,198.7,2.26,9.98
2019,5,18,1.72,58.3,28.41,19.36,19.57,165.47,3.04,9.91
2019,5,19,2.08,49.33,29.95,18.06,18.26,131.9,3.62,9.75
2019,5,20,0.01,49.31,29.48,17.61,17.82,146.07,4.14,9.7
2019,5,21,0.34,45.3,29.38,16.14,16.35,145.53,4.54,9.61
2019,5,22,2.94,60.04,28.39,19.83,20.03,167.42,2.99,9.92
2019,5,23,2.1,63.28,28.02,20.35,20.53,220.8,2.47,10.04
2019,5,24,0.74,59.41,28.83,20.05,20.27,257.73,2.84,10.05
2019,5,25,6.24,65.53,27.86,20.75,20.95,282.08,4.85,10.01
2019,5,26,11.25,66.88,27.93,21.18,21.34,276.09,4.28,10.09
2019,5,27,2.89,60.02,29.19,20.56,20.78,343.64,3.48,10.07
2019,5,28,3.54,58.23,29.51,20.34,20.58,204.56,2.82,10.1
2019,5,29,6.35,74.75,26.17,21.3,21.44,247.04,4.09,10.13
2019,5,30,3.67,66.53,26.89,20.08,20.26,270.17,4.17,10.18
2019,5,31,3.05,75.7,25.56,20.95,21.04,257.19,4.81,9.99
2019,6,1,2.77,67.19,26.96,20.32,20.49,308,4.68,9.98
2019,6,2,11.97,63.06,28.64,20.82,21.07,287.27,3.98,10.31
2019,6,3,0.83,73.05,26.08,20.85,20.98,302.51,4.34,10.63
2019,6,4,7.29,69.16,27.19,21,21.17,292.61,3.54,10.06
2019,6,5,12.23,73.39,26.67,21.49,21.63,281.37,2.97,10.3
2019,6,6,1.45,72.08,26.87,21.4,21.53,151.93,3.42,9.81
2019,6,7,3.81,70.99,27.16,21.42,21.57,252.03,2.02,10.07
2019,6,8,0.57,71.77,26.22,20.7,20.84,252.31,4.59,10.17
2019,6,9,0.78,60.58,27.11,18.79,18.96,212.86,6.58,9.74
2019,6,10,0.02,65.6,25.9,18.97,19.1,210.52,6.37,10.46
2019,6,11,0.01,63.1,26.33,18.74,18.88,230.97,8.42,10.15
2019,6,12,0,64.39,26.69,19.4,19.55,241.11,9,10.24
2019,6,13,0.01,67.11,25.71,19.14,19.28,254.47,8.63,10.21
2019,6,14,0.65,59.97,25.98,17.52,17.74,258.53,8.57,10
2019,6,15,1.4,59.26,27.11,18.4,18.61,267.21,7.53,9.73
2019,6,16,0.09,61.1,27.36,19.12,19.34,274.67,6.74,9.65
2019,6,17,0,62.08,26.69,18.73,18.96,272.93,7.18,9.57
2019,6,18,0.13,62.64,26.78,19.01,19.19,271.91,6.28,9.87
2019,6,19,3.12,60.42,27.71,19.28,19.49,266.77,6.9,9.91
2019,6,20,0.63,57.96,26.76,17.69,17.92,274.86,7.97,9.9
2019,6,21,0.05,63.89,25.34,17.98,18.14,269.87,6.56,10.15
2019,6,22,1.35,69.01,25.34,19.24,19.36,264.09,7.11,10.27
2019,6,23,4.47,68.05,25.13,18.78,18.94,261.76,6.88,10.24
2019,6,24,2.86,64.68,25.94,18.71,18.91,273.83,6.43,10.27
2019,6,25,0.68,61.84,26.38,18.37,18.61,271.05,5.73,9.96
2019,6,26,1.08,72.27,25.08,19.73,19.85,261.06,5.59,10.18
2019,6,27,2.47,66.32,26.29,19.5,19.64,267.89,7.42,10.07
2019,6,28,0.21,66.12,25.96,19.13,19.27,271.47,8.39,9.68
2019,6,29,0.01,67.11,25.65,19.08,19.22,271.26,8.63,9.72
2019,6,30,0.05,68.16,25.39,19.09,19.21,275.9,8.47,9.91
2019,7,1,0.08,61.62,27.06,19.01,19.19,271.45,8.17,9.87
2019,7,2,0.04,65.97,26.28,19.4,19.55,263.14,8.08,9.8
2019,7,3,0.01,67.09,26.02,19.41,19.56,259.81,8.2,9.7
2019,7,4,0.36,67.94,25.98,19.58,19.73,257.33,8.46,9.9
2019,7,5,1.1,70.11,25.62,19.76,19.89,255.16,8.97,10
2019,7,6,0.52,72.12,25.02,19.65,19.76,257.56,9.42,9.9
2019,7,7,0.18,66.45,25.48,18.72,18.89,258.31,9.2,9.69
2019,7,8,0.01,65.46,25.83,18.84,19,262.97,9.22,9.84
2019,7,9,0.35,71.01,24.93,19.31,19.42,262.24,7.91,10.15
2019,7,10,2.04,64.27,25.1,17.79,18,268.5,8.21,10.19
2019,7,11,1.37,64.64,24.72,17.56,17.73,276.56,7.21,9.91
2019,7,12,2.3,60.48,26.16,17.81,18.03,277.57,4.3,10.13
2019,7,13,10.08,63.44,26.15,18.61,18.79,270.11,5.55,10.01
2019,7,14,13.14,74.41,25.14,20.24,20.36,274,5.1,9.91
2019,7,15,2.31,65.15,25.46,18.33,18.56,276.3,5.81,10.07
2019,7,16,0.89,68.54,24.8,18.62,18.74,283.32,5.97,10.21
2019,7,17,1.84,66.66,24.82,18.17,18.32,302.4,6.42,10.01
2019,7,18,7.56,79.45,22.31,18.57,18.64,302.24,6.72,9.97
2019,7,19,1.31,76.84,23.59,19.29,19.36,284.29,6.15,10.57
2019,7,20,0.17,70.8,24.74,19.08,19.19,251.44,7.01,10.41
2019,7,21,0.45,69.43,25.29,19.29,19.42,249.5,8.3,10.07
2019,7,22,4.99,77.66,23.81,19.68,19.74,256.37,7.72,-999
2019,7,23,5.77,72.7,23.9,18.71,18.8,268.77,8.18,9.97
2019,7,24,0.94,72.04,24.42,19.06,19.16,267.83,7.18,9.94
2019,7,25,5.92,68.88,24.78,18.67,18.8,271.37,6.78,10.24
2019,7,26,0.3,72.52,23.96,18.73,18.82,270.28,7.75,10.58
2019,7,27,0.05,69.72,24.28,18.41,18.51,270.83,7.64,9.81
2019,7,28,0.98,69.17,24.6,18.58,18.69,277.61,8.51,9.68
2019,7,29,0.34,70.82,24.67,19.03,19.13,267.3,7.93,10.05
2019,7,30,0,66.04,24.41,17.58,17.78,268.17,8.4,10.21
2019,7,31,0,61.6,25.17,17.25,17.4,275.68,7.75,9.68
2019,8,1,0.04,62.52,26.25,18.5,18.66,271.99,7.72,9.71
2019,8,2,0.02,65.64,25.01,18.1,18.26,270.8,9.2,10.06
2019,8,3,0.09,69.93,24.61,18.76,18.88,254.76,8.98,9.82
2019,8,4,0.25,62.33,24.39,16.61,16.85,261.94,9.42,9.7
2019,8,5,1.91,75.74,23.15,18.63,18.71,255.02,10.3,9.85
2019,8,6,2.73,70.26,23.93,18.16,18.29,262.48,10.6,10.14
2019,8,7,2.71,73.38,24.18,19.11,19.21,260.88,11.88,10.46
2019,8,8,7.83,74.17,24.62,19.71,19.8,264.26,12.82,10.17
2019,8,9,3.11,72.09,24.65,19.29,19.39,257.9,11.72,10.19
2019,8,10,0.02,68.61,24.57,18.42,18.54,271.11,11.36,10.15
2019,8,11,1.81,67.64,24.92,18.53,18.65,277.35,8.98,9.98
2019,8,12,5.02,68.13,24.64,18.33,18.48,288.63,8.74,9.96
2019,8,13,1.25,68.57,25.05,18.85,18.98,278.86,7.81,10.22
2019,8,14,3.57,72.84,24.77,19.56,19.67,269.78,6.54,10.06
2019,8,15,0.8,72.13,24.62,19.26,19.37,274.92,6.98,10.24
2019,8,16,19.46,74.83,24.37,19.59,19.7,281.4,6.63,10.17
2019,8,17,18.21,79.45,23.82,20.05,20.11,291.11,6.81,10.21
2019,8,18,28.89,85,22.84,20.19,20.2,290.1,5.95,10.04
2019,8,19,14.17,81.12,24.11,20.66,20.71,291.07,3.62,10.04
2019,8,20,13.66,86.1,23.61,21.17,21.17,298.78,4.54,10.27
2019,8,21,8.89,86.47,22.48,20.12,20.12,285.34,6.98,9.89
2019,8,22,1.93,83.62,22.4,19.5,19.51,278.83,6.68,9.82
2019,8,23,1.84,82.48,22.54,19.42,19.44,266.99,7.8,9.97
2019,8,24,0.08,79.92,22.88,19.23,19.28,267.34,6.88,9.9
2019,8,25,0.48,77.96,22.79,18.76,18.81,255.51,7.43,9.73
2019,8,26,0.34,73.97,23.62,18.72,18.8,254.79,7.52,9.7
2019,8,27,0.05,74.49,23.64,18.84,18.92,254.96,6.64,9.71
2019,8,28,0.92,75.4,23.61,19,19.09,252.7,6.68,9.74
2019,8,29,6.83,78.5,23.99,20.03,20.09,253.6,6.14,9.84
2019,8,30,0.54,76.67,23.5,19.15,19.24,265.78,8.2,9.82
2019,8,31,0.14,76.43,23.81,19.43,19.49,260.89,7.82,9.75
2019,9,1,0.73,80.99,22.81,19.38,19.42,257.22,7.19,9.84
2019,9,2,6.13,79.3,23.13,19.34,19.4,263.31,7.63,9.79
2019,9,3,5.63,78.04,23.63,19.58,19.64,268.09,7.97,9.9
2019,9,4,1.07,76.98,22.92,18.64,18.74,262.38,8.85,9.78
2019,9,5,1.98,75.57,23.61,19.05,19.12,265.42,9.3,9.74
2019,9,6,1.46,78.18,24.08,20.06,20.11,266.06,9.07,9.8
2019,9,7,0.4,75.36,24.27,19.65,19.72,263.93,9.05,9.71
2019,9,8,0.26,75.43,24.14,19.53,19.61,258.46,8.4,9.92
2019,9,9,0.04,76.46,23.83,19.44,19.51,263.96,7.79,9.96
2019,9,10,0.74,75.45,25.05,20.41,20.49,257.82,6.15,9.97
2019,9,11,1.7,78.06,24.67,20.59,20.66,257.09,5.83,10.01
2019,9,12,9.06,82.67,23.45,20.34,20.37,262.8,6.12,10
2019,9,13,5.26,79.7,23.67,19.96,20.01,271.23,5.63,9.92
2019,9,14,3.08,76.96,24.24,19.94,20.02,271.81,5.25,9.87
2019,9,15,3.57,76.38,24.35,19.92,20.01,284.75,5.17,10.05
2019,9,16,11.93,76,24.31,19.78,19.89,293.58,6.6,9.97
2019,9,17,11.03,83.22,23.36,20.36,20.38,295.79,4.65,9.99
2019,9,18,7.79,82.28,23.81,20.6,20.64,276.65,4.8,9.97
2019,9,19,3.82,85.39,22.76,20.2,20.2,263.98,4.92,9.86
2019,9,20,1.22,76.43,23.47,19.07,19.16,258.24,4.16,9.78
2019,9,21,1.34,75.64,24.91,20.29,20.4,244.31,3.06,9.83
2019,9,22,24.92,90.87,22.94,21.39,21.36,314.55,2.74,9.96
2019,9,23,23.95,86.4,23.64,21.24,21.25,314.65,3.36,9.93
2019,9,24,29.95,89.01,23.1,21.21,21.19,261.04,2.78,10
2019,9,25,16.9,91.29,22.86,21.38,21.35,146.67,5.13,9.88
2019,9,26,2.73,85.77,22.65,20.16,20.16,178.16,6.11,9.86
2019,9,27,0.86,80.81,23.3,19.83,19.87,143.02,3.15,9.46
2019,9,28,1.41,82.92,23.28,20.23,20.25,151.43,4.03,9.47
2019,9,29,0.19,81.86,23,19.75,19.78,134.47,4.64,9.33
2019,9,30,0.11,84.45,21.88,19.16,19.16,140.76,4.03,9.31
2019,10,1,9.21,79.77,23.46,19.76,19.82,197.68,2.3,9.62
2019,10,2,8.4,80.95,24.07,20.6,20.65,90.13,2.49,9.46
2019,10,3,8.39,81.4,24.14,20.76,20.8,136.6,2.65,9.39
2019,10,4,15.69,84.2,23.88,21.07,21.08,245.81,2.17,9.66
2019,10,5,8.68,89.34,22.97,21.14,21.12,131.5,3.18,9.75
2019,10,6,2.12,85.85,23.22,20.73,20.73,144.38,3.25,9.63
2019,10,7,12.99,85.67,23.46,20.93,20.93,158.31,2.22,9.69
2019,10,8,8.57,83.51,24.08,21.11,21.14,120.09,1.79,9.55
2019,10,9,3.37,87.81,23.63,21.51,21.5,198.27,1.86,9.88
2019,10,10,0.75,86.27,23.28,20.87,20.87,188.89,2.92,9.78
2019,10,11,0.55,86.05,23.38,20.93,20.92,142.53,3.69,9.72
2019,10,12,0.65,84.03,23.58,20.74,20.75,124.93,4.08,9.85
2019,10,13,1.08,85.04,23.64,20.99,21,106.37,3.95,9.69
2019,10,14,0.36,85.55,23.6,21.05,21.05,99.5,4.01,9.62
2019,10,15,2.36,87.75,23.2,21.08,21.06,79.02,4.56,10.01
2019,10,16,10.84,87.21,22.69,20.46,20.45,78.37,5.12,9.79
2019,10,17,3.35,85.85,22.56,20.09,20.09,92.88,4.52,9.89
2019,10,18,9.94,88.35,22.64,20.63,20.61,123.96,4.82,10.08
2019,10,19,4.57,87.62,22.68,20.53,20.52,101.94,4.74,9.8
2019,10,20,10.95,88.07,22.52,20.45,20.44,93.53,4.8,9.99
2019,10,21,10.39,88.63,22.13,20.17,20.16,84.52,3.6,9.81
2019,10,22,20.85,86.69,22.89,20.56,20.56,307.69,3.48,9.9
2019,10,23,2.95,86.42,22.47,20.1,20.1,288.42,5.09,9.64
2019,10,24,0.11,86.14,22.17,19.75,19.75,242.18,6.16,9.68
2019,10,25,4.16,86.96,21.9,19.64,19.63,197.79,5.03,9.61
2019,10,26,0.7,86.78,22.29,19.98,19.99,189.23,3.94,9.74
2019,10,27,11.05,84.91,22.6,19.94,19.96,176.88,2.45,9.84
2019,10,28,2.24,87.96,22.24,20.17,20.15,94.46,4.74,9.51
2019,10,29,6.26,86.5,20.77,18.41,18.44,69.36,6.23,9.46
2019,10,30,5.21,91.49,21.77,20.33,20.31,103.98,6.61,9.84
2019,10,31,14.81,90.09,22.09,21.23,20.38,145.01,5.25,9.96
2019,11,1,3.78,87.16,22.42,21.3,20.18,152.7,3.55,9.4
2019,11,2,1.63,88.42,22.08,21.08,20.07,101.14,3.5,9.27
2019,11,3,0.23,84.51,22.31,20.95,19.59,70.88,3.98,9.01
2019,11,4,0.06,79.74,22.47,20.66,18.85,64.63,3.05,8.64
2019,11,5,0.06,78.74,23.06,21.14,19.22,40.72,2.72,8.79
2019,11,6,0.27,76,23.37,21.18,18.98,30.77,1.86,9.03
2019,11,7,4.36,80.8,22.38,20.68,18.97,45.88,1.7,9.3
2019,11,8,5.91,84.05,23.13,21.72,20.32,344.17,2.02,9.68
2019,11,9,7.85,87.72,23.16,22.09,21.02,54.52,2.97,9.68
2019,11,10,8.51,86.1,23.11,21.89,20.67,59.16,2.92,9.53
2019,11,11,1.68,83.42,22.09,20.63,19.18,68.93,3.98,9.2
2019,11,12,0.27,84.59,21.45,20.1,18.76,81.89,5.08,8.75
2019,11,13,0.87,85.77,21.01,19.78,18.55,74.83,5.4,8.62
2019,11,14,6.68,88.95,21.87,20.92,19.96,87.08,5.23,9.47
2019,11,15,2.32,87.25,22.44,21.33,20.22,92.02,4.43,9.79
2019,11,16,1.04,85.97,22.56,21.33,20.1,83.29,5.34,9.5
2019,11,17,0.23,82.27,21.67,20.11,18.55,51.07,4.82,9.11
2019,11,18,3.54,89.39,22.36,21.44,20.52,60.67,5.71,9.48
2019,11,19,1.28,85.64,22.58,21.33,20.07,96.62,4.11,9.16
2019,11,20,12.06,92.58,22.21,21.57,20.93,96.91,4.26,9.74
2019,11,21,6.96,88.82,22.55,21.58,20.61,78.25,5.85,9.78
2019,11,22,0.28,85.77,21,19.77,18.54,66.29,5.88,9.31
2019,11,23,0.6,85.89,20.53,19.31,18.09,55.6,5.89,8.76
2019,11,24,0.44,86.7,20.66,19.51,18.37,76.05,5.54,8.65
2019,11,25,0.29,85.52,20.41,19.16,17.91,68.84,5.78,8.83
2019,11,26,0.53,86.31,20.34,19.16,17.98,74.46,6.44,8.47
2019,11,27,3.13,88.04,21.29,20.26,19.23,73.1,6.23,9.6
2019,11,28,2.13,89.76,21.71,20.83,19.95,86.69,6.46,9.73
